index,name_accuracy,type_accuracy,value_accuracy,name_info,type_info,value_info
12,0.4,0.5,1,"[('露明金属支撑件', '金属支撑件的构造措施'), ('火灾蔓延', '外墙板的防火安全')]","{'露明金属支撑件': 0, '火灾蔓延': 1}","{'露明金属支撑件': {'content': [('露明金属支撑件:失效', '露明金属支撑件:未设置'), ('露明金属支撑件:不失效', '露明金属支撑件:设置')], 'accuracy': 1.0}, '火灾蔓延': {'content': [('火灾蔓延:蔓延', '火灾蔓延:安全'), ('火灾蔓延:不蔓延', '火灾蔓延:不安全')], 'accuracy': 1.0}}"
2,0.666666667,1,0.833333333,"[('初始局部破坏', '局部破坏'), ('结构', '结构倒塌')]","{'初始局部破坏': 1, '结构': 1}","{'初始局部破坏': {'content': [('初始局部破坏:发生', '初始局部破坏:发生'), ('初始局部破坏:不发生', '初始局部破坏:未发生')], 'accuracy': 1.0}, '结构': {'content': [('结构:完好', '结构:完全倒塌'), ('结构:部分倒塌', '结构:部分倒塌')], 'accuracy': 0.6666666666666666}}"
8,0.6,0.666666667,1,"[('建筑主体结构', '建筑主体结构'), ('非结构构件', '非结构构件'), ('建筑的正常使用功能', '建筑的正常使用功能')]","{'建筑主体结构': 1, '非结构构件': 1, '建筑的正常使用功能': 0}","{'建筑主体结构': {'content': [('建筑主体结构:不受损坏', '建筑主体结构:不受损坏'), ('建筑主体结构:遭受破坏或严重破坏但不倒塌', '建筑主体结构:严重破坏但不倒塌')], 'accuracy': 1.0}, '非结构构件': {'content': [('非结构构件:没有过重破坏并导致人员伤亡', '非结构构件:没有过重破坏'), ('非结构构件:过重破坏导致人员伤亡', '非结构构件:过重破坏')], 'accuracy': 1.0}, '建筑的正常使用功能': {'content': [('建筑的正常使用功能:保证', '建筑的正常使用功能:保证'), ('建筑的正常使用功能:不保证', '建筑的正常使用功能:不保证')], 'accuracy': 1.0}}"
9,0.75,0.666666667,1,"[('框架结构的砌体填充墙布置', '砌体填充墙的布置'), ('建筑的不利布置', '建筑的不利布置'), ('主体结构', '主体结构的破坏')]","{'框架结构的砌体填充墙布置': 1, '建筑的不利布置': 1, '主体结构': 0}","{'框架结构的砌体填充墙布置': {'content': [('框架结构的砌体填充墙布置:合理设置', '框架结构的砌体填充墙布置:合理设置'), ('框架结构的砌体填充墙布置:不合理设置', '框架结构的砌体填充墙布置:不合理设置')], 'accuracy': 1.0}, '建筑的不利布置': {'content': [('建筑的不利布置:提出修改建议', '建筑的不利布置:提出修改建议'), ('建筑的不利布置:不提出修改建议', '建筑的不利布置:不提出修改建议')], 'accuracy': 1.0}, '主体结构': {'content': [('主体结构:不破坏', '主体结构:不发生'), ('主体结构:破坏', '主体结构:发生')], 'accuracy': 1.0}}"
14,0.6,1,1,"[('零应力区面积', '零应力区面积比例'), ('外荷载相对于基础形心的偏心距', '外荷载相对于基础形心的偏心距'), ('受压边缘的压力', '受压边缘的压力是否满足承载力要求')]","{'零应力区面积': 1, '外荷载相对于基础形心的偏心距': 1, '受压边缘的压力': 1}","{'零应力区面积': {'content': [('零应力区面积:超过基础底面积的15%', '零应力区面积:超过15%'), ('零应力区面积:不超过基础底面积的15%', '零应力区面积:不超过15%')], 'accuracy': 1.0}, '外荷载相对于基础形心的偏心距': {'content': [('外荷载相对于基础形心的偏心距:偏心距大', '外荷载相对于基础形心的偏心距:较大'), ('外荷载相对于基础形心的偏心距:偏心距小', '外荷载相对于基础形心的偏心距:尽量小')], 'accuracy': 1.0}, '受压边缘的压力': {'content': [('受压边缘的压力:满足承载力要求', '受压边缘的压力:满足'), ('受压边缘的压力:不满足承载力要求', '受压边缘的压力:不满足')], 'accuracy': 1.0}}"
0,1,0.333333333,1,"[('构件的长细比', '长细比'), ('矩形截面边长', '矩形截面边长'), ('纤维材料对混凝土的约束作用', '纤维材料对混凝土的约束作用')]","{'构件的长细比': 0, '矩形截面边长': 0, '纤维材料对混凝土的约束作用': 1}","{'构件的长细比': {'content': [('构件的长细比:l/d>12', '构件的长细比:l/d>12'), ('构件的长细比:l/d>14', '构件的长细比:l/d>14')], 'accuracy': 1.0}, '矩形截面边长': {'content': [('矩形截面边长:过大', '矩形截面边长:过大'), ('矩形截面边长:适中', '矩形截面边长:适中')], 'accuracy': 1.0}, '纤维材料对混凝土的约束作用': {'content': [('纤维材料对混凝土的约束作用:明显降低', '纤维材料对混凝土的约束作用:明显降低'), ('纤维材料对混凝土的约束作用:保持正常', '纤维材料对混凝土的约束作用:保持正常')], 'accuracy': 1.0}}"
6,1,0.5,1,"[('基础埋深', '基础埋深'), ('桩顶荷载', '桩顶增加的荷载')]","{'基础埋深': 1, '桩顶荷载': 0}","{'基础埋深': {'content': [('基础埋深:大', '基础埋深:较大'), ('基础埋深:大', '基础埋深:较小'), ('基础埋深:小', '基础埋深:一般')], 'accuracy': 1}, '桩顶荷载': {'content': [('桩顶荷载:增加', '桩顶荷载:增加'), ('桩顶荷载:减少', '桩顶荷载:减少'), ('桩顶荷载:增加', '桩顶荷载:不变')], 'accuracy': 1}}"
20,1,0,0,"['检查基准', '检查结果']",{},{}
7,1,0.833333333,0.916666667,"[('加固新增截面材料', '新增截面部分的材料选择'), ('灌浆料', '灌浆料的应用'), ('膨胀剂', '膨胀剂的选择'), ('细石混凝土掺加比例', '细石混凝土的掺加比例'), ('粗骨料掺加', '粗骨料的掺加'), ('新增面层裂缝', '新增面层裂缝的产生')]","{'加固新增截面材料': 1, '灌浆料': 1, '膨胀剂': 1, '细石混凝土掺加比例': 1, '粗骨料掺加': 1, '新增面层裂缝': 0}","{'加固新增截面材料': {'content': [('加固新增截面材料:现浇混凝土', '加固新增截面材料:现浇混凝土'), ('加固新增截面材料:自密实混凝土', '加固新增截面材料:自密实混凝土'), ('加固新增截面材料:喷射混凝土', '加固新增截面材料:喷射混凝土'), ('加固新增截面材料:掺有细石混凝土的水泥基灌浆料', '加固新增截面材料:掺有细石混凝土的水泥基灌浆料')], 'accuracy': 1.0}, '灌浆料': {'content': [('灌浆料:可靠配置', '灌浆料:有可靠的工程经验'), ('灌浆料:配置不当', '灌浆料:没有可靠的工程经验')], 'accuracy': 1.0}, '膨胀剂': {'content': [('膨胀剂:优质', '膨胀剂:使用优质的膨胀剂'), ('膨胀剂:劣质', '膨胀剂:使用非优质的膨胀剂')], 'accuracy': 1.0}, '细石混凝土掺加比例': {'content': [('细石混凝土掺加比例:30%', '细石混凝土掺加比例:掺加30%的细石混凝土')], 'accuracy': 0.5}, '粗骨料掺加': {'content': [('粗骨料掺加:掺加16mm-20mm', '粗骨料掺加:掺加粒径为16mm～20mm的粗骨料'), ('粗骨料掺加:其他', '粗骨料掺加:不掺加粗骨料')], 'accuracy': 1.0}, '新增面层裂缝': {'content': [('新增面层裂缝:产生', '新增面层裂缝:产生裂缝'), ('新增面层裂缝:不产生', '新增面层裂缝:不产生裂缝')], 'accuracy': 1.0}}"
11,0.75,0.833333333,0.9,"[('厂房整体抗震性能', '厂房的整体抗震性能'), ('柱列纵向侧移刚度', '柱列的纵向侧移刚度差别'), ('厂房纵向破坏', '厂房纵向破坏'), ('柱顶节点抗震性能', '柱顶地震作用的集中'), ('柱顶节点破坏', '柱顶节点破坏'), ('门窗洞口处柱子的破坏', '门窗洞口处刚度的削弱和突变')]","{'厂房整体抗震性能': 1, '柱列纵向侧移刚度': 1, '厂房纵向破坏': 1, '柱顶节点抗震性能': 1, '门窗洞口处柱子的破坏': 1}","{'厂房整体抗震性能': {'content': [('厂房整体抗震性能:好', '厂房整体抗震性能:较为有利'), ('厂房整体抗震性能:差', '厂房整体抗震性能:极为不利')], 'accuracy': 1.0}, '柱列纵向侧移刚度': {'content': [('柱列纵向侧移刚度:差别悬殊', '柱列纵向侧移刚度:悬殊')], 'accuracy': 0.5}, '厂房纵向破坏': {'content': [('厂房纵向破坏:发生', '厂房纵向破坏:发生'), ('厂房纵向破坏:未发生', '厂房纵向破坏:未发生')], 'accuracy': 1.0}, '柱顶节点抗震性能': {'content': [('柱顶节点抗震性能:好', '柱顶节点抗震性能:对柱顶节点的抗震有利'), ('柱顶节点抗震性能:差', '柱顶节点抗震性能:对柱顶节点的抗震不利')], 'accuracy': 1.0}, '门窗洞口处柱子的破坏': {'content': [('门窗洞口处柱子的破坏:发生', '门窗洞口处柱子的破坏:导致门窗洞口处柱子的破坏'), ('门窗洞口处柱子的破坏:未发生', '门窗洞口处柱子的破坏:不会导致门窗洞口处柱子的破坏')], 'accuracy': 1.0}}"
23,0.5,1,1,"[('风速', '风速'), ('防护装置设置', '防护装置设置')]","{'风速': 1, '防护装置设置': 1}","{'风速': {'content': [('风速:大', '风速:超过限值'), ('风速:小', '风速:不超过限值')], 'accuracy': 1.0}, '防护装置设置': {'content': [('防护装置设置:设置', '防护装置设置:设置'), ('防护装置设置:不设置', '防护装置设置:未设置')], 'accuracy': 1.0}}"
17,1,0.666666667,1,"[('地面变形', '地面下沉'), ('建筑物破坏', '建筑物破坏'), ('岩土工程勘察', '岩土工程勘察')]","{'地面变形': 1, '建筑物破坏': 0, '岩土工程勘察': 1}","{'地面变形': {'content': [('地面变形:地面下沉', '地面变形:严重'), ('地面变形:轴线两侧地面的对倾与挠曲', '地面变形:严重')], 'accuracy': 1.0}, '建筑物破坏': {'content': [('建筑物破坏:建筑物倾斜', '建筑物破坏:是'), ('建筑物破坏:建筑物挠曲', '建筑物破坏:是'), ('建筑物破坏:建筑物破坏', '建筑物破坏:是'), ('建筑物破坏:建筑物完好', '建筑物破坏:否')], 'accuracy': 1.0}, '岩土工程勘察': {'content': [('岩土工程勘察:提出合理措施', '岩土工程勘察:进行'), ('岩土工程勘察:措施不合理', '岩土工程勘察:不进行')], 'accuracy': 1.0}}"
16,1,1,1,"[('抗浮技术措施', '抗浮技术措施'), ('空心楼板内模上移', '内模上移'), ('施工质量', '楼板施工质量')]","{'抗浮技术措施': 1, '空心楼板内模上移': 1, '施工质量': 1}","{'抗浮技术措施': {'content': [('抗浮技术措施:采取', '抗浮技术措施:采取'), ('抗浮技术措施:不采取', '抗浮技术措施:不采取')], 'accuracy': 1.0}, '空心楼板内模上移': {'content': [('空心楼板内模上移:发生', '空心楼板内模上移:发生'), ('空心楼板内模上移:不发生', '空心楼板内模上移:不发生')], 'accuracy': 1.0}, '施工质量': {'content': [('施工质量:受影响', '施工质量:严重影响'), ('施工质量:不受影响', '施工质量:不受影响')], 'accuracy': 1.0}}"
1,0.714285714,1,0.866666667,"[('土体膨胀', '土体膨胀'), ('土体收缩', '土体收缩'), ('桩侧阻', '桩侧阻和端阻降低'), ('端阻', '桩侧阻和端阻降低'), ('土体裂缝', '土体产生裂缝')]","{'土体膨胀': 1, '土体收缩': 1, '桩侧阻': 1, '端阻': 1, '土体裂缝': 1}","{'土体膨胀': {'content': [('土体膨胀:发生', '土体膨胀:发生'), ('土体膨胀:不发生', '土体膨胀:不发生')], 'accuracy': 1.0}, '土体收缩': {'content': [('土体收缩:发生', '土体收缩:发生'), ('土体收缩:不发生', '土体收缩:不发生')], 'accuracy': 1.0}, '桩侧阻': {'content': [('桩侧阻:降低', '桩侧阻:降低'), ('桩侧阻:不变', '桩侧阻:不降低'), ('桩侧阻:提高', '桩侧阻:不降低'), ('桩侧阻:丧失', '桩侧阻:不降低')], 'accuracy': 1.0}, '端阻': {'content': [('端阻:降低', '端阻:不降低')], 'accuracy': 0.3333333333333333}, '土体裂缝': {'content': [('土体裂缝:产生', '土体裂缝:产生'), ('土体裂缝:不产生', '土体裂缝:不产生')], 'accuracy': 1.0}}"
3,0.888888889,0.625,1,"[('地基稳定性', '地基稳定性'), ('建筑地基侧限', '建筑地基侧限削弱或不均衡'), ('软弱地基', '软弱地基'), ('暗浜暗塘', '暗浜、暗塘等局部软弱地基'), ('承载能力极限状态', '地基失稳'), ('稳定性验算', '稳定性验算'), ('稳定性验算', '设计整体稳定性验算'), ('预防措施建议', '预防措施建议')]","{'地基稳定性': 0, '建筑地基侧限': 1, '软弱地基': 1, '暗浜暗塘': 1, '承载能力极限状态': 1, '稳定性验算': 1, '预防措施建议': 0}","{'地基稳定性': {'content': [('地基稳定性:稳定', '地基稳定性:稳定'), ('地基稳定性:不稳定', '地基稳定性:不稳定')], 'accuracy': 1.0}, '建筑地基侧限': {'content': [('建筑地基侧限:削弱', '建筑地基侧限:不存在'), ('建筑地基侧限:未削弱', '建筑地基侧限:存在')], 'accuracy': 1.0}, '软弱地基': {'content': [('软弱地基:存在', '软弱地基:存在'), ('软弱地基:不存在', '软弱地基:不存在')], 'accuracy': 1.0}, '暗浜暗塘': {'content': [('暗浜暗塘:存在', '暗浜暗塘:存在'), ('暗浜暗塘:不存在', '暗浜暗塘:不存在')], 'accuracy': 1.0}, '承载能力极限状态': {'content': [('承载能力极限状态:超过', '承载能力极限状态:发生'), ('承载能力极限状态:未超过', '承载能力极限状态:未发生')], 'accuracy': 1.0}, '稳定性验算': {'content': [('稳定性验算:进行', '稳定性验算:提请'), ('稳定性验算:不进行', '稳定性验算:不提请')], 'accuracy': 1.0}, '预防措施建议': {'content': [('预防措施建议:提供', '预防措施建议:提供'), ('预防措施建议:不提供', '预防措施建议:不提供')], 'accuracy': 1.0}}"
5,1,1,0.904761905,"[('新建建筑物的荷载', '新建建筑物的荷载'), ('既有建筑物紧邻新建部分的地基中的应力叠加', '地基中的应力叠加'), ('既有建筑物地基土的不均匀附加压缩', '既有建筑物地基土的不均匀附加压缩'), ('建筑物的相对变形或挠曲', '建筑物的相对变形或挠曲'), ('严重裂损', '严重裂损'), ('接建、邻建部位专门布置勘探点', '专门布置勘探点'), ('原位测试和室内试验', '原位测试和室内试验')]","{'新建建筑物的荷载': 1, '既有建筑物紧邻新建部分的地基中的应力叠加': 1, '既有建筑物地基土的不均匀附加压缩': 1, '建筑物的相对变形或挠曲': 1, '严重裂损': 1, '接建、邻建部位专门布置勘探点': 1, '原位测试和室内试验': 1}","{'新建建筑物的荷载': {'content': [('新建建筑物的荷载:大', '新建建筑物的荷载:大'), ('新建建筑物的荷载:小', '新建建筑物的荷载:小')], 'accuracy': 0.6666666666666666}, '既有建筑物紧邻新建部分的地基中的应力叠加': {'content': [('既有建筑物紧邻新建部分的地基中的应力叠加:大', '既有建筑物紧邻新建部分的地基中的应力叠加:发生'), ('既有建筑物紧邻新建部分的地基中的应力叠加:小', '既有建筑物紧邻新建部分的地基中的应力叠加:未发生')], 'accuracy': 0.6666666666666666}, '既有建筑物地基土的不均匀附加压缩': {'content': [('既有建筑物地基土的不均匀附加压缩:存在', '既有建筑物地基土的不均匀附加压缩:严重'), ('既有建筑物地基土的不均匀附加压缩:不存在', '既有建筑物地基土的不均匀附加压缩:轻微')], 'accuracy': 1.0}, '建筑物的相对变形或挠曲': {'content': [('建筑物的相对变形或挠曲:存在', '建筑物的相对变形或挠曲:轻微'), ('建筑物的相对变形或挠曲:不存在', '建筑物的相对变形或挠曲:严重')], 'accuracy': 1.0}, '严重裂损': {'content': [('严重裂损:存在', '严重裂损:发生'), ('严重裂损:不存在', '严重裂损:未发生')], 'accuracy': 1.0}, '接建、邻建部位专门布置勘探点': {'content': [('接建、邻建部位专门布置勘探点:是', '接建、邻建部位专门布置勘探点:实施'), ('接建、邻建部位专门布置勘探点:否', '接建、邻建部位专门布置勘探点:未实施')], 'accuracy': 1.0}, '原位测试和室内试验': {'content': [('原位测试和室内试验:是', '原位测试和室内试验:进行'), ('原位测试和室内试验:否', '原位测试和室内试验:未进行')], 'accuracy': 1.0}}"
25,1,1,1,"[('焊缝温度', '焊缝温度'), ('锤击', '锤击'), ('焊缝出现裂缝', '焊缝出现裂缝')]","{'焊缝温度': 1, '锤击': 1, '焊缝出现裂缝': 1}","{'焊缝温度': {'content': [('焊缝温度:未冷却到一定温度', '焊缝温度:未冷却到一定温度'), ('焊缝温度:冷却到一定温度', '焊缝温度:冷却到一定温度')], 'accuracy': 1.0}, '锤击': {'content': [('锤击:锤击', '锤击:锤击'), ('锤击:不锤击', '锤击:不锤击')], 'accuracy': 1.0}, '焊缝出现裂缝': {'content': [('焊缝出现裂缝:出现裂缝', '焊缝出现裂缝:有裂缝'), ('焊缝出现裂缝:不出现裂缝', '焊缝出现裂缝:无裂缝')], 'accuracy': 1.0}}"
22,1,0.666666667,1,"[('建筑物抗震设防烈度', '建筑物抗震设防烈度'), ('建筑物体型和抗侧力系统复杂性', '建筑物体型和抗侧力系统复杂性'), ('结构薄弱部位的应力集中和弹塑性变形集中', '结构薄弱部位应力集中'), ('建筑物倒塌风险', '建筑物倒塌风险'), ('检验结构抗震薄弱部位的方法', '结构抗震薄弱部位检验'), ('建筑物抗震性能', '')]","{'建筑物抗震设防烈度': 1, '建筑物体型和抗侧力系统复杂性': 1, '结构薄弱部位的应力集中和弹塑性变形集中': 1, '建筑物倒塌风险': 0, '检验结构抗震薄弱部位的方法': 1}","{'建筑物抗震设防烈度': {'content': [('建筑物抗震设防烈度:高于本地区抗震设防烈度', '建筑物抗震设防烈度:高于本地区抗震设防烈度'), ('建筑物抗震设防烈度:低于或等于本地区抗震设防烈度', '建筑物抗震设防烈度:等于或低于本地区抗震设防烈度')], 'accuracy': 1.0}, '建筑物体型和抗侧力系统复杂性': {'content': [('建筑物体型和抗侧力系统复杂性:复杂', '建筑物体型和抗侧力系统复杂性:复杂'), ('建筑物体型和抗侧力系统复杂性:不复杂', '建筑物体型和抗侧力系统复杂性:不复杂')], 'accuracy': 1.0}, '结构薄弱部位的应力集中和弹塑性变形集中': {'content': [('结构薄弱部位的应力集中和弹塑性变形集中:发生', '结构薄弱部位的应力集中和弹塑性变形集中:发生'), ('结构薄弱部位的应力集中和弹塑性变形集中:不发生', '结构薄弱部位的应力集中和弹塑性变形集中:不发生')], 'accuracy': 1.0}, '建筑物倒塌风险': {'content': [('建筑物倒塌风险:有倒塌危险', '建筑物倒塌风险:有倒塌风险'), ('建筑物倒塌风险:无倒塌危险', '建筑物倒塌风险:无倒塌风险')], 'accuracy': 1.0}, '检验结构抗震薄弱部位的方法': {'content': [('检验结构抗震薄弱部位的方法:采用弹塑性分析方法', '检验结构抗震薄弱部位的方法:采用弹塑性分析方法'), ('检验结构抗震薄弱部位的方法:不采用弹塑性分析方法', '检验结构抗震薄弱部位的方法:不采用弹塑性分析方法')], 'accuracy': 1.0}}"
13,0.833333333,0.4,1,"[('核芯区受剪面积', '核芯区受剪面积'), ('抗震墙中线与柱中线之间偏心距', '偏心距'), ('梁中线与柱中线之间偏心距', '偏心距'), ('柱的不利扭转效应', '柱的扭转效应'), ('避免扭转措施', '采取的措施')]","{'核芯区受剪面积': 0, '抗震墙中线与柱中线之间偏心距': 0, '梁中线与柱中线之间偏心距': 0, '柱的不利扭转效应': 1, '避免扭转措施': 1}","{'核芯区受剪面积': {'content': [('核芯区受剪面积:不足', '核芯区受剪面积:不足'), ('核芯区受剪面积:充足', '核芯区受剪面积:充足')], 'accuracy': 1.0}, '抗震墙中线与柱中线之间偏心距': {'content': [('抗震墙中线与柱中线之间偏心距:较大', '抗震墙中线与柱中线之间偏心距:超过1/4柱宽'), ('抗震墙中线与柱中线之间偏心距:较小', '抗震墙中线与柱中线之间偏心距:小于1/4柱宽')], 'accuracy': 1.0}, '梁中线与柱中线之间偏心距': {'content': [('梁中线与柱中线之间偏心距:较大', '梁中线与柱中线之间偏心距:超过1/4柱宽'), ('梁中线与柱中线之间偏心距:较小', '梁中线与柱中线之间偏心距:小于1/4柱宽')], 'accuracy': 1.0}, '柱的不利扭转效应': {'content': [('柱的不利扭转效应:发生', '柱的不利扭转效应:不利'), ('柱的不利扭转效应:未发生', '柱的不利扭转效应:有利')], 'accuracy': 1.0}, '避免扭转措施': {'content': [('避免扭转措施:采用水平加腋梁', '避免扭转措施:采用水平加腋梁'), ('避免扭转措施:加强柱的箍筋', '避免扭转措施:加强柱的箍筋'), ('避免扭转措施:不采取措施', '避免扭转措施:不采取')], 'accuracy': 1.0}}"
18,1,0.857142857,0.792857143,"[('支护结构施工', '支护结构施工'), ('降水', '降水'), ('基坑开挖', '基坑开挖'), ('相邻地面', '相邻地面隆起或沉降'), ('邻近建（构）筑物及地下管线', '邻近建(构)筑物及地下管线的变形及开裂'), ('周围环境安全性', '周围土体及围护墙向开挖区发生侧向移动'), ('防范措施', '土体加固')]","{'支护结构施工': 1, '降水': 1, '基坑开挖': 1, '相邻地面': 1, '邻近建（构）筑物及地下管线': 1, '周围环境安全性': 0, '防范措施': 1}","{'支护结构施工': {'content': [('支护结构施工:产生挤土效应', '支护结构施工:挤土效应'), ('支护结构施工:导致土体损失', '支护结构施工:土体损失'), ('支护结构施工:无作用', '支护结构施工:无挤土效应'), ('支护结构施工:无作用', '支护结构施工:无土体损失')], 'accuracy': 1}, '降水': {'content': [('降水:长时间', '降水:长时间大幅度降低地下水'), ('降水:大幅度', '降水:长时间大幅度降低地下水'), ('降水:轻微', '降水:适度降水')], 'accuracy': 1.0}, '基坑开挖': {'content': [('基坑开挖:不平衡力', '基坑开挖:不平衡力产生'), ('基坑开挖:软黏土蠕变', '基坑开挖:软黏土蠕变'), ('基坑开挖:水土流失', '基坑开挖:水土流失')], 'accuracy': 1.0}, '相邻地面': {'content': [('相邻地面:隆起', '相邻地面:地面隆起'), ('相邻地面:下沉', '相邻地面:地面沉降'), ('相邻地面:无变化', '相邻地面:无变化')], 'accuracy': 0.75}, '邻近建（构）筑物及地下管线': {'content': [('邻近建（构）筑物及地下管线:变形开裂', '邻近建（构）筑物及地下管线:变形'), ('邻近建（构）筑物及地下管线:变形开裂', '邻近建（构）筑物及地下管线:开裂'), ('邻近建（构）筑物及地下管线:无损', '邻近建（构）筑物及地下管线:无变形'), ('邻近建（构）筑物及地下管线:无损', '邻近建（构）筑物及地下管线:无开裂')], 'accuracy': 0.8}, '周围环境安全性': {'content': [('周围环境安全性:一般', '周围环境安全性:无侧向移动')], 'accuracy': 0.3333333333333333}, '防范措施': {'content': [('防范措施:土体加固', '防范措施:实施土体加固'), ('防范措施:土体加固', '防范措施:未实施土体加固')], 'accuracy': 0.6666666666666666}}"
30,0.5,0.5,1,"[('支撑与梁柱节点的连接方式', '支撑与梁柱节点的连接方式'), ('连接精度的控制', '连接精度的控制')]","{'支撑与梁柱节点的连接方式': 1, '连接精度的控制': 0}","{'支撑与梁柱节点的连接方式': {'content': [('支撑与梁柱节点的连接方式:刚性连接', '支撑与梁柱节点的连接方式:刚性连接'), ('支撑与梁柱节点的连接方式:铰接连接', '支撑与梁柱节点的连接方式:铰接连接')], 'accuracy': 1.0}, '连接精度的控制': {'content': [('连接精度的控制:容易实现', '连接精度的控制:易于实现'), ('连接精度的控制:不易实现', '连接精度的控制:难以实现')], 'accuracy': 1.0}}"
21,1,0.571428571,0.928571429,"[('土工合成材料', '土工合成材料'), ('土层', '垫层及下卧层土体的稳定性'), ('合成材料极限强度', '合成材料的极限强度'), ('荷载转移', '荷载转移'), ('地基整体破坏', '地基的整体破坏'), ('上部建筑沉降', '上部建筑的沉降'), ('建筑结构破坏', '建筑结构的破坏')]","{'土工合成材料': 1, '土层': 0, '合成材料极限强度': 1, '荷载转移': 1, '地基整体破坏': 0, '上部建筑沉降': 0, '建筑结构破坏': 1}","{'土工合成材料': {'content': [0], 'accuracy': 0.5}, '土层': {'content': [('土层:软弱', '土层:不稳定'), ('土层:不软弱', '土层:稳定')], 'accuracy': 1.0}, '合成材料极限强度': {'content': [('合成材料极限强度:超过', '合成材料极限强度:超过极限强度'), ('合成材料极限强度:未超过', '合成材料极限强度:未超过极限强度')], 'accuracy': 1.0}, '荷载转移': {'content': [('荷载转移:由软弱土承受全部外荷', '荷载转移:荷载转移至软弱土'), ('荷载转移:未由软弱土承受全部外荷', '荷载转移:荷载未转移')], 'accuracy': 1.0}, '地基整体破坏': {'content': [('地基整体破坏:导致', '地基整体破坏:发生整体破坏'), ('地基整体破坏:未导致', '地基整体破坏:未发生整体破坏')], 'accuracy': 1.0}, '上部建筑沉降': {'content': [('上部建筑沉降:较大', '上部建筑沉降:产生较大沉降'), ('上部建筑沉降:较小或无', '上部建筑沉降:沉降较小')], 'accuracy': 1.0}, '建筑结构破坏': {'content': [('建筑结构破坏:严重', '建筑结构破坏:造成严重破坏'), ('建筑结构破坏:轻微或无', '建筑结构破坏:破坏较小')], 'accuracy': 1.0}}"
29,1,1,0.916666667,"[('现场施工条件', '现场施工条件'), ('粉煤灰混凝土的强度发展', '粉煤灰混凝土的强度发展'), ('薄壁混凝土结构的干缩开裂', '薄壁混凝土结构的干缩开裂'), ('粉煤灰掺量', '粉煤灰掺量')]","{'现场施工条件': 1, '粉煤灰混凝土的强度发展': 1, '薄壁混凝土结构的干缩开裂': 1, '粉煤灰掺量': 1}","{'现场施工条件': {'content': [('现场施工条件:满足保温、保湿的养护条件', '现场施工条件:满足保温、保湿'), ('现场施工条件:不满足保温、保湿的养护条件', '现场施工条件:不满足保温、保湿')], 'accuracy': 1.0}, '粉煤灰混凝土的强度发展': {'content': [('粉煤灰混凝土的强度发展:正常', '粉煤灰混凝土的强度发展:有利影响'), ('粉煤灰混凝土的强度发展:不正常', '粉煤灰混凝土的强度发展:不利影响')], 'accuracy': 1.0}, '薄壁混凝土结构的干缩开裂': {'content': [('薄壁混凝土结构的干缩开裂:不容易发生', '薄壁混凝土结构的干缩开裂:不容易发生'), ('薄壁混凝土结构的干缩开裂:容易发生', '薄壁混凝土结构的干缩开裂:容易发生')], 'accuracy': 1.0}, '粉煤灰掺量': {'content': [('粉煤灰掺量:适当降低', '粉煤灰掺量:适当降低'), ('粉煤灰掺量:保持不变', '粉煤灰掺量:保持不变')], 'accuracy': 0.6666666666666666}}"
19,0.9,0.888888889,0.944444444,"[('横向裂缝宽度', '横向裂缝'), ('钢筋网防锈措施', '钢筋网的防锈措施'), ('钢筋网锈蚀', '钢筋网锈蚀'), ('混凝土剥落', '混凝土剥落'), ('保护层厚度', '保护层厚度'), ('构件耐久性', '构件耐久性'), ('结构物外观要求', '结构物外观要求'), ('防水功能', '防水功能'), ('灌缝与封闭', '灌缝与封闭')]","{'横向裂缝宽度': 1, '钢筋网防锈措施': 1, '钢筋网锈蚀': 1, '混凝土剥落': 1, '保护层厚度': 0, '构件耐久性': 1, '结构物外观要求': 1, '防水功能': 1, '灌缝与封闭': 1}","{'横向裂缝宽度': {'content': [('横向裂缝宽度:无裂缝', '横向裂缝宽度:正常裂缝'), ('横向裂缝宽度:小', '横向裂缝宽度:非正常裂缝'), ('横向裂缝宽度:大', '横向裂缝宽度:非正常裂缝')], 'accuracy': 1.0}, '钢筋网防锈措施': {'content': [('钢筋网防锈措施:有', '钢筋网防锈措施:有防锈措施'), ('钢筋网防锈措施:没有', '钢筋网防锈措施:没有防锈措施')], 'accuracy': 1.0}, '钢筋网锈蚀': {'content': [('钢筋网锈蚀:锈蚀', '钢筋网锈蚀:锈蚀'), ('钢筋网锈蚀:不锈蚀', '钢筋网锈蚀:未锈蚀')], 'accuracy': 1.0}, '混凝土剥落': {'content': [('混凝土剥落:剥落', '混凝土剥落:剥落'), ('混凝土剥落:不剥落', '混凝土剥落:未剥落')], 'accuracy': 1.0}, '保护层厚度': {'content': [('保护层厚度:减少', '保护层厚度:减少'), ('保护层厚度:不减少', '保护层厚度:未减少')], 'accuracy': 1.0}, '构件耐久性': {'content': [('构件耐久性:有害', '构件耐久性:有害后果'), ('构件耐久性:无害', '构件耐久性:无有害后果')], 'accuracy': 1.0}, '结构物外观要求': {'content': [('结构物外观要求:受影响', '结构物外观要求:受影响'), ('结构物外观要求:不受影响', '结构物外观要求:未受影响')], 'accuracy': 1.0}, '防水功能': {'content': [('防水功能:不受影响', '防水功能:未受影响')], 'accuracy': 0.5}, '灌缝与封闭': {'content': [('灌缝与封闭:及时进行', '灌缝与封闭:及时进行'), ('灌缝与封闭:不及时进行', '灌缝与封闭:未及时进行')], 'accuracy': 1.0}}"
27,0.666666667,0.75,0.875,"[('转换层上、下部结构侧向刚度比', '转换层上、下部结构侧向刚度比'), ('底部抽柱数量', '底部抽柱数量'), ('转换层上、下部柱截面几何形状', '转换层上、下部柱截面选择'), ('侧向刚度比满足要求', '侧向刚度比满足要求')]","{'转换层上、下部结构侧向刚度比': 0, '底部抽柱数量': 1, '转换层上、下部柱截面几何形状': 1, '侧向刚度比满足要求': 1}","{'转换层上、下部结构侧向刚度比': {'content': [('转换层上、下部结构侧向刚度比:接近1', '转换层上、下部结构侧向刚度比:接近1')], 'accuracy': 0.5}, '底部抽柱数量': {'content': [('底部抽柱数量:合理控制', '底部抽柱数量:适中'), ('底部抽柱数量:过多', '底部抽柱数量:多')], 'accuracy': 1.0}, '转换层上、下部柱截面几何形状': {'content': [('转换层上、下部柱截面几何形状:相同', '转换层上、下部柱截面几何形状:合理'), ('转换层上、下部柱截面几何形状:不同', '转换层上、下部柱截面几何形状:不合理')], 'accuracy': 1.0}, '侧向刚度比满足要求': {'content': [('侧向刚度比满足要求:满足', '侧向刚度比满足要求:满足'), ('侧向刚度比满足要求:不满足', '侧向刚度比满足要求:不满足')], 'accuracy': 1.0}}"
15,0.8,0.5,0.916666667,"[('地下车站结构', '地下车站结构'), ('地震作用', '地震作用'), ('薄弱部位', '严重破坏'), ('地下车站结构破坏程度', '严重破坏')]","{'地下车站结构': 0, '地震作用': 1, '薄弱部位': 0, '地下车站结构破坏程度': 1}","{'地下车站结构': {'content': [('地下车站结构:进行E2地震作用下的弹性内力和变形分析', '地下车站结构:规则'), ('地下车站结构:进行E2地震作用下的弹性内力和变形分析', '地下车站结构:不规则'), ('地下车站结构:进行E3地震作用下的弹塑性变形分析', '地下车站结构:规则'), ('地下车站结构:进行E3地震作用下的弹塑性变形分析', '地下车站结构:不规则')], 'accuracy': 1}, '地震作用': {'content': [('地震作用:E2', '地震作用:E2'), ('地震作用:E3', '地震作用:E3')], 'accuracy': 1.0}, '薄弱部位': {'content': [('薄弱部位:无', '薄弱部位:不可能'), ('薄弱部位:有', '薄弱部位:可能')], 'accuracy': 1.0}, '地下车站结构破坏程度': {'content': [('地下车站结构破坏程度:不破坏', '地下车站结构破坏程度:不可能'), ('地下车站结构破坏程度:严重', '地下车站结构破坏程度:可能')], 'accuracy': 0.6666666666666666}}"
28,1,0.333333333,0.666666667,"[('环境类型', '环境作用等级'), ('混凝土强度等级', '混凝土的最低强度等级'), ('混凝土材料劣化', '环境因素对混凝土材料劣化的影响')]","{'环境类型': 0, '混凝土强度等级': 1, '混凝土材料劣化': 0}","{'环境类型': {'content': [('氯化物环境', '较高'), ('化学腐蚀环境', '较高')], 'accuracy': 0.5}, '混凝土强度等级': {'content': [('混凝土强度等级:最低强度等级', '混凝土强度等级:较低')], 'accuracy': 0.5}, '混凝土材料劣化': {'content': [('混凝土材料劣化:劣化', '混凝土材料劣化:直接导致劣化'), ('混凝土材料劣化:不劣化', '混凝土材料劣化:不直接导致劣化')], 'accuracy': 1.0}}"
26,1,0.4,0.9,"[('排架侧移刚度', '排架侧移刚度'), ('地震反应', '地震反应'), ('上吊车的铁梯', '上吊车的铁梯'), ('多跨厂房各跨上吊车的铁梯', '多跨厂房各跨上吊车的铁梯集中'), ('震害破坏', '震害破坏')]","{'排架侧移刚度': 0, '地震反应': 1, '上吊车的铁梯': 0, '多跨厂房各跨上吊车的铁梯': 0, '震害破坏': 1}","{'排架侧移刚度': {'content': [('排架侧移刚度:大', '排架侧移刚度:增大'), ('排架侧移刚度:小', '排架侧移刚度:不增大')], 'accuracy': 1.0}, '地震反应': {'content': [('地震反应:大', '地震反应:加大')], 'accuracy': 0.5}, '上吊车的铁梯': {'content': [('上吊车的铁梯:停放在吊车旁', '上吊车的铁梯:存在'), ('上吊车的铁梯:移走', '上吊车的铁梯:不存在')], 'accuracy': 1.0}, '多跨厂房各跨上吊车的铁梯': {'content': [('多跨厂房各跨上吊车的铁梯:集中在同一横向轴线', '多跨厂房各跨上吊车的铁梯:集中在同一横向轴线'), ('多跨厂房各跨上吊车的铁梯:不集中在同一横向轴线', '多跨厂房各跨上吊车的铁梯:不集中在同一横向轴线')], 'accuracy': 1.0}, '震害破坏': {'content': [('震害破坏:发生', '震害破坏:会导致'), ('震害破坏:不发生', '震害破坏:不会导致')], 'accuracy': 1.0}}"
24,1,1,0.916666667,"[('盐胀临界深度', '盐胀临界深度'), ('建筑物浅基的埋深', '建筑物浅基的埋深'), ('盐胀压力', '盐胀压力'), ('基础埋深', '基础埋深'), ('室内地面处理', '室内地面下处理'), ('地面膨胀破坏', '地面膨胀破坏')]","{'盐胀临界深度': 1, '建筑物浅基的埋深': 1, '盐胀压力': 1, '基础埋深': 1, '室内地面处理': 1, '地面膨胀破坏': 1}","{'盐胀临界深度': {'content': [('盐胀临界深度:大于3.0m', '盐胀临界深度:大于3.0m'), ('盐胀临界深度:小于3.0m', '盐胀临界深度:小于3.0m')], 'accuracy': 1.0}, '建筑物浅基的埋深': {'content': [('建筑物浅基的埋深:大于盐胀临界深度', '建筑物浅基的埋深:大于盐胀临界深度'), ('建筑物浅基的埋深:小于盐胀临界深度', '建筑物浅基的埋深:小于盐胀临界深度')], 'accuracy': 1.0}, '盐胀压力': {'content': [('盐胀压力:小于上部有效压力', '盐胀压力:小于上部有效压力'), ('盐胀压力:大于等于上部有效压力', '盐胀压力:大于或等于上部有效压力')], 'accuracy': 1.0}, '基础埋深': {'content': [('基础埋深:适当浅埋', '基础埋深:适当浅埋'), ('基础埋深:深埋', '基础埋深:深埋')], 'accuracy': 1.0}, '室内地面处理': {'content': [('室内地面处理:需要处理', '室内地面处理:需要处理'), ('室内地面处理:不需要处理', '室内地面处理:不需要处理')], 'accuracy': 1.0}, '地面膨胀破坏': {'content': [('地面膨胀破坏:避免', '地面膨胀破坏:不发生')], 'accuracy': 0.5}}"
10,0.714285714,0.4,0.625,"[('雨水泵房状况', '雨水泵房功能'), ('城市排涝泵站状况', '城市排涝泵站功能'), ('雨水泵房加强措施', '泵站加强'), ('震害', '地震破坏'), ('震害', '震害加剧')]","{'雨水泵房状况': 0, '城市排涝泵站状况': 0, '雨水泵房加强措施': 1, '震害': 1}","{'雨水泵房状况': {'content': [], 'accuracy': 0.0}, '城市排涝泵站状况': {'content': [('城市排涝泵站状况:完好', '城市排涝泵站状况:排涝')], 'accuracy': 0.5}, '雨水泵房加强措施': {'content': [('雨水泵房加强措施:加强', '雨水泵房加强措施:予以加强'), ('雨水泵房加强措施:不加强', '雨水泵房加强措施:未加强')], 'accuracy': 1.0}, '震害': {'content': [('震害:小', '震害:未加剧'), ('震害:大', '震害:加剧')], 'accuracy': 1.0}}"
35,1,0.333333333,1,"[('结构自重', None), ('基础承载可能性', '基础承载可能性'), ('初始跨度', None), ('梁剪切破坏', '梁剪切破坏'), ('增设抗震墙', '增设抗震墙'), ('增设翼墙', '增设翼墙')]","{'基础承载可能性': 0, '梁剪切破坏': 0, '增设抗震墙': 1, '增设翼墙': 1}","{'基础承载可能性': {'content': [('基础承载可能性:可行', '基础承载可能性:承载'), ('基础承载可能性:不可行', '基础承载可能性:不承载')], 'accuracy': 1.0}, '梁剪切破坏': {'content': [('梁剪切破坏:发生', '梁剪切破坏:发生'), ('梁剪切破坏:不发生', '梁剪切破坏:不发生')], 'accuracy': 1.0}, '增设抗震墙': {'content': [('增设抗震墙:增设', '增设抗震墙:增设'), ('增设抗震墙:不增设', '增设抗震墙:不增设')], 'accuracy': 1.0}, '增设翼墙': {'content': [('增设翼墙:增设', '增设翼墙:增设'), ('增设翼墙:不增设', '增设翼墙:不增设')], 'accuracy': 1.0}}"
4,1,0,1,"[('齿连接', '齿连接与螺栓连接共同受力'), ('齿连接', '齿连接超载破坏'), ('螺栓连接', '齿连接与螺栓连接共同受力'), ('受力', '齿连接与螺栓连接共同受力'), ('木结构工程', '工程教训与试验结论')]","{'齿连接': 0, '螺栓连接': 0, '受力': 0, '木结构工程': 0}","{'齿连接': {'content': ['齿连接:采用', '齿连接:不采用'], 'accuracy': 1.0}, '螺栓连接': {'content': [('螺栓连接:采用', '螺栓连接:发生'), ('螺栓连接:不采用', '螺栓连接:未发生')], 'accuracy': 1.0}, '受力': {'content': ['受力:共同受力', '受力:分别受力'], 'accuracy': 1.0}, '木结构工程': {'content': [('木结构工程:安全', '木结构工程:遵循'), ('木结构工程:超载破坏', '木结构工程:不遵循')], 'accuracy': 1.0}}"
34,0.8,0.5,0.875,"[('打火引弧位置', '打火引弧位置'), ('母材表面应力集中', '母材表面应力集中'), ('缺口附近的断裂韧性值', '缺口附近的断裂韧性值'), ('承受动荷载时的疲劳强度', '承受动荷载时的疲劳强度')]","{'打火引弧位置': 0, '母材表面应力集中': 0, '缺口附近的断裂韧性值': 1, '承受动荷载时的疲劳强度': 1}","{'打火引弧位置': {'content': [('打火引弧位置:焊区', '打火引弧位置:在焊区内')], 'accuracy': 0.5}, '母材表面应力集中': {'content': [('母材表面应力集中:是', '母材表面应力集中:集中'), ('母材表面应力集中:否', '母材表面应力集中:不集中')], 'accuracy': 1.0}, '缺口附近的断裂韧性值': {'content': [('缺口附近的断裂韧性值:降低', '缺口附近的断裂韧性值:降低'), ('缺口附近的断裂韧性值:未降低', '缺口附近的断裂韧性值:未降低')], 'accuracy': 1.0}, '承受动荷载时的疲劳强度': {'content': [('承受动荷载时的疲劳强度:受影响', '承受动荷载时的疲劳强度:受影响'), ('承受动荷载时的疲劳强度:未受影响', '承受动荷载时的疲劳强度:未受影响')], 'accuracy': 1.0}}"
37,1,1,1,"[('氯盐含量', '氯盐含量'), ('混凝土耐久性', '结构耐久性'), ('原材料中氯离子控制', '原材料质量控制')]","{'氯盐含量': 1, '混凝土耐久性': 1, '原材料中氯离子控制': 1}","{'氯盐含量': {'content': [('氯盐含量:高', '氯盐含量:高'), ('氯盐含量:低', '氯盐含量:低')], 'accuracy': 1.0}, '混凝土耐久性': {'content': [('混凝土耐久性:好', '混凝土耐久性:良好'), ('混凝土耐久性:差', '混凝土耐久性:较差')], 'accuracy': 1.0}, '原材料中氯离子控制': {'content': [('原材料中氯离子控制:严格', '原材料中氯离子控制:严格控制'), ('原材料中氯离子控制:不严格', '原材料中氯离子控制:控制不严')], 'accuracy': 1.0}}"
32,1,0.6,1,"[('后张预应力梁宽', '梁宽'), ('混凝土折合厚度', '混凝土折合厚度'), ('自重', '自重'), ('抗震及基础负担', '抗震及基础负担'), ('浪费', '浪费')]","{'后张预应力梁宽': 1, '混凝土折合厚度': 1, '自重': 0, '抗震及基础负担': 0, '浪费': 1}","{'后张预应力梁宽': {'content': ['后张预应力梁宽:适当放宽', '后张预应力梁宽:1m甚至更多'], 'accuracy': 1.0}, '混凝土折合厚度': {'content': [('混凝土折合厚度:很大', '混凝土折合厚度:很大'), ('混凝土折合厚度:较小', '混凝土折合厚度:较小')], 'accuracy': 1.0}, '自重': {'content': [('自重:很大', '自重:较重'), ('自重:小', '自重:较轻')], 'accuracy': 1.0}, '抗震及基础负担': {'content': [('抗震及基础负担:加大', '抗震及基础负担:较大'), ('抗震及基础负担:未加大', '抗震及基础负担:较小')], 'accuracy': 1.0}, '浪费': {'content': [('浪费:形成不必要的浪费', '浪费:不必要'), ('浪费:避免浪费', '浪费:必要')], 'accuracy': 1.0}}"
40,0.428571429,1,1,"[('屋架上弦的附加扭矩', '屋架上弦附加扭矩'), ('屋架上弦的破坏', '屋架上弦破坏'), ('截面抗扭验算', '截面抗扭验算')]","{'屋架上弦的附加扭矩': 1, '屋架上弦的破坏': 1, '截面抗扭验算': 1}","{'屋架上弦的附加扭矩': {'content': [('屋架上弦的附加扭矩:产生', '屋架上弦的附加扭矩:产生'), ('屋架上弦的附加扭矩:不产生', '屋架上弦的附加扭矩:不产生')], 'accuracy': 1.0}, '屋架上弦的破坏': {'content': [('屋架上弦的破坏:发生', '屋架上弦的破坏:发生'), ('屋架上弦的破坏:不发生', '屋架上弦的破坏:不发生')], 'accuracy': 1.0}, '截面抗扭验算': {'content': [('截面抗扭验算:进行', '截面抗扭验算:进行'), ('截面抗扭验算:不进行', '截面抗扭验算:不进行')], 'accuracy': 1.0}}"
33,1,0,1,"[('氯离子含量', '氯离子含量'), ('混凝土碱含量', '混凝土碱含量'), ('钢筋锈蚀', '钢筋锈蚀'), ('碱骨料反应', '碱骨料反应'), ('结构构件受力性能和耐久性', ('结构构件受力性能', '结构构件耐久性'))]","{'氯离子含量': 0, '混凝土碱含量': 0, '钢筋锈蚀': 0, '碱骨料反应': 0}","{'氯离子含量': {'content': [('氯离子含量:高', '氯离子含量:高'), ('氯离子含量:低', '氯离子含量:低')], 'accuracy': 1.0}, '混凝土碱含量': {'content': [('混凝土碱含量:高', '混凝土碱含量:高'), ('混凝土碱含量:低', '混凝土碱含量:低')], 'accuracy': 1.0}, '钢筋锈蚀': {'content': [('钢筋锈蚀:发生', '钢筋锈蚀:发生'), ('钢筋锈蚀:未发生', '钢筋锈蚀:未发生')], 'accuracy': 1.0}, '碱骨料反应': {'content': [('碱骨料反应:发生', '碱骨料反应:发生'), ('碱骨料反应:未发生', '碱骨料反应:未发生')], 'accuracy': 1.0}}"
39,0.666666667,0.75,0.875,"[('封口高度', '封口高度'), ('桩顶上覆压力', '桩顶上覆压力'), ('桩顶土隆起', '桩顶土隆起'), ('桩体强度', '桩体强度')]","{'封口高度': 1, '桩顶上覆压力': 1, '桩顶土隆起': 0, '桩体强度': 1}","{'封口高度': {'content': [('封口高度:大于等于500mm', '封口高度:不小于500mm')], 'accuracy': 0.5}, '桩顶上覆压力': {'content': [('桩顶上覆压力:足够', '桩顶上覆压力:足够'), ('桩顶上覆压力:不够', '桩顶上覆压力:不够')], 'accuracy': 1.0}, '桩顶土隆起': {'content': [('桩顶土隆起:发生', '桩顶土隆起:发生'), ('桩顶土隆起:不发生', '桩顶土隆起:不发生')], 'accuracy': 1.0}, '桩体强度': {'content': [('桩体强度:降低', '桩体强度:降低'), ('桩体强度:不降低', '桩体强度:不降低')], 'accuracy': 1.0}}"
50,0.5,0.5,1,"[('地表倾斜', '地表倾斜'), ('建筑结构内应力变化', '建筑结构内应力变化')]","{'地表倾斜': 1, '建筑结构内应力变化': 0}","{'地表倾斜': {'content': [('地表倾斜:是', '地表倾斜:发生'), ('地表倾斜:否', '地表倾斜:不发生')], 'accuracy': 1.0}, '建筑结构内应力变化': {'content': [('建筑结构内应力变化:否', '建筑结构内应力变化:无变化'), ('建筑结构内应力变化:是', '建筑结构内应力变化:有变化')], 'accuracy': 1.0}}"
31,1,0.428571429,0.928571429,"[('桩中心间距与桩径之比', '桩中心间距与桩径之比'), ('桩的竖向抗压承载力', '桩的竖向抗压承载力'), ('布桩间距', '布桩间距'), ('桩帽造价', '桩帽造价'), ('加筋体性能要求', '加筋体性能要求'), ('填土总厚度', '填土总厚度'), ('方案合理性', '方案合理性')]","{'桩中心间距与桩径之比': 0, '桩的竖向抗压承载力': 1, '布桩间距': 1, '桩帽造价': 0, '加筋体性能要求': 0, '填土总厚度': 0, '方案合理性': 1}","{'桩中心间距与桩径之比': {'content': [('桩中心间距与桩径之比:小于5', '桩中心间距与桩径之比:5'), ('桩中心间距与桩径之比:5～8之间', '桩中心间距与桩径之比:6'), ('桩中心间距与桩径之比:5～8之间', '桩中心间距与桩径之比:7'), ('桩中心间距与桩径之比:5～8之间', '桩中心间距与桩径之比:8')], 'accuracy': 1}, '桩的竖向抗压承载力': {'content': [('桩的竖向抗压承载力:高', '桩的竖向抗压承载力:高'), ('桩的竖向抗压承载力:低', '桩的竖向抗压承载力:低')], 'accuracy': 1.0}, '布桩间距': {'content': [('布桩间距:3.0m以上', '布桩间距:3.0m以上')], 'accuracy': 0.5}, '桩帽造价': {'content': [('桩帽造价:升高', '桩帽造价:升高'), ('桩帽造价:降低', '桩帽造价:降低')], 'accuracy': 1.0}, '加筋体性能要求': {'content': [('加筋体性能要求:高', '加筋体性能要求:提高'), ('加筋体性能要求:低', '加筋体性能要求:降低')], 'accuracy': 1.0}, '填土总厚度': {'content': [('填土总厚度:大', '填土总厚度:加大'), ('填土总厚度:少', '填土总厚度:减少')], 'accuracy': 1.0}, '方案合理性': {'content': [('方案合理性:合理', '方案合理性:合理'), ('方案合理性:不合理', '方案合理性:不合理')], 'accuracy': 1.0}}"
47,0.25,1,1,"[('混凝土有害的温度裂缝', '有害的温度裂缝')]",{'混凝土有害的温度裂缝': 1},"{'混凝土有害的温度裂缝': {'content': [('混凝土有害的温度裂缝:出现', '混凝土有害的温度裂缝:出现'), ('混凝土有害的温度裂缝:未出现', '混凝土有害的温度裂缝:不出现')], 'accuracy': 1.0}}"
48,0.5,1,1,"[('端部构造措施', '端部构造措施'), ('自锚端局部承载力', '自锚端的局部承载力')]","{'端部构造措施': 1, '自锚端局部承载力': 1}","{'端部构造措施': {'content': [('端部构造措施:采取', '端部构造措施:采取'), ('端部构造措施:不采取', '端部构造措施:不采取')], 'accuracy': 1.0}, '自锚端局部承载力': {'content': [('自锚端局部承载力:保证', '自锚端局部承载力:满足要求'), ('自锚端局部承载力:不保证', '自锚端局部承载力:不满足要求')], 'accuracy': 1.0}}"
42,0.8,1,0.875,"[('板厚', '板厚'), ('承压承载力', '承压承载力'), ('摩擦系数', '摩擦系数'), ('板件局部应力', '局部应力')]","{'板厚': 1, '承压承载力': 1, '摩擦系数': 1, '板件局部应力': 1}","{'板厚': {'content': [('板厚:合适', '板厚:适中'), ('板厚:过小', '板厚:过小')], 'accuracy': 1.0}, '承压承载力': {'content': [('承压承载力:下降', '承压承载力:下降')], 'accuracy': 0.5}, '摩擦系数': {'content': [('摩擦系数:下降', '摩擦系数:下降'), ('摩擦系数:正常', '摩擦系数:适中')], 'accuracy': 1.0}, '板件局部应力': {'content': [('板件局部应力:过大', '板件局部应力:过大'), ('板件局部应力:适中', '板件局部应力:适中')], 'accuracy': 1.0}}"
44,0.8,1,1,"[('桩长范围和桩端承压水土层', '桩长范围和桩端承压水土层'), ('选用的成桩工艺', '选用的成桩工艺'), ('桩端承压水水头', '桩端承压水的水头高度'), ('桩体强度', '桩体强度')]","{'桩长范围和桩端承压水土层': 1, '选用的成桩工艺': 1, '桩端承压水水头': 1, '桩体强度': 1}","{'桩长范围和桩端承压水土层': {'content': [('桩长范围和桩端承压水土层:存在', '桩长范围和桩端承压水土层:存在'), ('桩长范围和桩端承压水土层:不存在', '桩长范围和桩端承压水土层:不存在')], 'accuracy': 1.0}, '选用的成桩工艺': {'content': [('选用的成桩工艺:泥浆护壁成孔灌注成桩工艺', '选用的成桩工艺:泥浆护壁成孔灌注成桩工艺'), ('选用的成桩工艺:长螺旋钻中心压灌成桩', '选用的成桩工艺:长螺旋钻中心压灌成桩'), ('选用的成桩工艺:振动沉管灌注成桩', '选用的成桩工艺:振动沉管灌注成桩')], 'accuracy': 1.0}, '桩端承压水水头': {'content': [('桩端承压水水头:高', '桩端承压水水头:高'), ('桩端承压水水头:低', '桩端承压水水头:低')], 'accuracy': 1.0}, '桩体强度': {'content': [('桩体强度:保持稳定', '桩体强度:正常'), ('桩体强度:严重降低', '桩体强度:严重降低')], 'accuracy': 1.0}}"
45,0.666666667,0.75,0.875,"[('混凝土强度', '全截面的混凝土强度'), ('钢筋保护层厚度', '钢筋保护层厚度'), ('防腐蚀措施', '混凝土表面防腐蚀措施'), ('成本', '成本增加')]","{'混凝土强度': 1, '钢筋保护层厚度': 1, '防腐蚀措施': 1, '成本': 0}","{'混凝土强度': {'content': [('混凝土强度:提高', '混凝土强度:提高'), ('混凝土强度:不提高', '混凝土强度:不提高')], 'accuracy': 1.0}, '钢筋保护层厚度': {'content': [('钢筋保护层厚度:增加', '钢筋保护层厚度:增加'), ('钢筋保护层厚度:不增加', '钢筋保护层厚度:不增加')], 'accuracy': 1.0}, '防腐蚀措施': {'content': [('防腐蚀措施:采取', '防腐蚀措施:采取'), ('防腐蚀措施:不采取', '防腐蚀措施:不采取')], 'accuracy': 1.0}, '成本': {'content': [('成本:可控', '成本:不显著增加')], 'accuracy': 0.5}}"
36,1,0.6,1,"[('膨润土材料的膨胀', '膨润土颗粒膨胀'), ('膨润土防水材料的保护', '膨润土防水性能'), ('施工时间', '雨季施工'), ('施工季节', '雨季施工'), ('天气状况', '雨水直接淋在膨润土材料表面')]","{'膨润土材料的膨胀': 0, '膨润土防水材料的保护': 0, '施工时间': 1, '施工季节': 1, '天气状况': 1}","{'膨润土材料的膨胀': {'content': [('膨润土材料的膨胀:膨胀', '膨润土材料的膨胀:膨胀'), ('膨润土材料的膨胀:未膨胀', '膨润土材料的膨胀:未膨胀')], 'accuracy': 1.0}, '膨润土防水材料的保护': {'content': [('膨润土防水材料的保护:覆盖塑料薄膜', '膨润土防水材料的保护:高'), ('膨润土防水材料的保护:未覆盖塑料薄膜', '膨润土防水材料的保护:低')], 'accuracy': 1.0}, '施工时间': {'content': [('施工时间:短', '施工时间:非雨季'), ('施工时间:长', '施工时间:雨季')], 'accuracy': 1.0}, '施工季节': {'content': [('施工季节:非雨季', '施工季节:非雨季'), ('施工季节:雨季', '施工季节:雨季')], 'accuracy': 1.0}, '天气状况': {'content': [('天气状况:晴天', '天气状况:是'), ('天气状况:雨天', '天气状况:是')], 'accuracy': 1.0}}"
52,0.666666667,1,0.833333333,"[('焊接裂纹', '焊接裂纹'), ('焊工修补裂纹', '焊工修补裂纹')]","{'焊接裂纹': 1, '焊工修补裂纹': 1}","{'焊接裂纹': {'content': [('焊接裂纹:产生', '焊接裂纹:存在'), ('焊接裂纹:不产生', '焊接裂纹:不存在')], 'accuracy': 1.0}, '焊工修补裂纹': {'content': [('焊工修补裂纹:不修补', '焊工修补裂纹:不随意修补'), ('焊工修补裂纹:随意修补', '焊工修补裂纹:随意修补')], 'accuracy': 0.6666666666666666}}"
43,1,1,0.833333333,"[('屈曲约束支撑的设计', '屈曲约束支撑的设计'), ('施工误差', '施工过程中的误差'), ('支撑破坏', '屈曲约束支撑的破坏')]","{'屈曲约束支撑的设计': 1, '施工误差': 1, '支撑破坏': 1}","{'屈曲约束支撑的设计': {'content': [('屈曲约束支撑的设计:轴心受力构件', '屈曲约束支撑的设计:设计成轴心受力构件'), ('屈曲约束支撑的设计:偏心受力构件', '屈曲约束支撑的设计:设计成偏心受力构件')], 'accuracy': 1.0}, '施工误差': {'content': [('施工误差:过大', '施工误差:产生误差')], 'accuracy': 0.5}, '支撑破坏': {'content': [('支撑破坏:避免', '支撑破坏:未破坏'), ('支撑破坏:发生', '支撑破坏:破坏')], 'accuracy': 1.0}}"
38,1,1,1,"[('楼盖传力路径', '传力路径不连续'), ('楼盖应力集中', '应力集中和面内变形情况'), ('楼盖面内变形', '应力集中和面内变形情况'), ('楼板开洞位置', '开洞深梁内设置矩形洞口的尺寸和位置限制'), ('楼板开洞尺寸', '开洞深梁内设置矩形洞口的尺寸和位置限制'), ('楼板加强措施', '制定相应加强措施'), ('楼板传力可靠性', '楼板可靠传力')]","{'楼盖传力路径': 1, '楼盖应力集中': 1, '楼盖面内变形': 1, '楼板开洞位置': 1, '楼板开洞尺寸': 1, '楼板加强措施': 1, '楼板传力可靠性': 1}","{'楼盖传力路径': {'content': [('楼盖传力路径:连续', '楼盖传力路径:连续'), ('楼盖传力路径:不连续', '楼盖传力路径:不连续')], 'accuracy': 1.0}, '楼盖应力集中': {'content': [('楼盖应力集中:较小', '楼盖应力集中:较小'), ('楼盖应力集中:较大', '楼盖应力集中:较大')], 'accuracy': 1.0}, '楼盖面内变形': {'content': [('楼盖面内变形:较小', '楼盖面内变形:较小'), ('楼盖面内变形:较大', '楼盖面内变形:较大')], 'accuracy': 1.0}, '楼板开洞位置': {'content': [('楼板开洞位置:远离桁架', '楼板开洞位置:不符合限制条件'), ('楼板开洞位置:靠近桁架', '楼板开洞位置:符合限制条件')], 'accuracy': 1.0}, '楼板开洞尺寸': {'content': [('楼板开洞尺寸:小', '楼板开洞尺寸:不符合限制条件'), ('楼板开洞尺寸:大', '楼板开洞尺寸:符合限制条件')], 'accuracy': 1.0}, '楼板加强措施': {'content': [('楼板加强措施:无', '楼板加强措施:不制定'), ('楼板加强措施:有', '楼板加强措施:制定')], 'accuracy': 1.0}, '楼板传力可靠性': {'content': [('楼板传力可靠性:不可靠', '楼板传力可靠性:可靠'), ('楼板传力可靠性:可靠', '楼板传力可靠性:不可靠')], 'accuracy': 1.0}}"
41,0.75,0.333333333,1,"[('板面裂缝', '板面裂缝'), ('板边和板角的构造钢筋', '板角配筋形式'), ('板边和板角的构造钢筋', '板角配筋范围')]","{'板面裂缝': 0, '板边和板角的构造钢筋': 1}","{'板面裂缝': {'content': [('板面裂缝:存在', '板面裂缝:出现'), ('板面裂缝:不存在', '板面裂缝:不出现')], 'accuracy': 1.0}, '板边和板角的构造钢筋': {'content': [('板边和板角的构造钢筋:布置', '板边和板角的构造钢筋:大范围'), ('板边和板角的构造钢筋:不布置', '板边和板角的构造钢筋:小范围')], 'accuracy': 1.0}}"
49,1,0.75,1,"[('地基液化', '地基液化'), ('上部结构地震力', '上部结构的地震力'), ('上部结构下沉或倾斜', '上部结构过度下沉或倾斜'), ('结构安全', '上部结构破坏')]","{'地基液化': 1, '上部结构地震力': 0, '上部结构下沉或倾斜': 1, '结构安全': 1}","{'地基液化': {'content': [('地基液化:发生', '地基液化:发生'), ('地基液化:不发生', '地基液化:不发生')], 'accuracy': 1.0}, '上部结构地震力': {'content': [('上部结构地震力:减小', '上部结构地震力:减小'), ('上部结构地震力:不减小', '上部结构地震力:不减小')], 'accuracy': 1.0}, '上部结构下沉或倾斜': {'content': [('上部结构下沉或倾斜:过度下沉或倾斜', '上部结构下沉或倾斜:发生'), ('上部结构下沉或倾斜:不下沉或倾斜', '上部结构下沉或倾斜:不发生')], 'accuracy': 1.0}, '结构安全': {'content': [('结构安全:安全', '结构安全:不产生'), ('结构安全:不安全', '结构安全:产生')], 'accuracy': 1.0}}"
51,0.8,0.75,0.875,"[('天窗设置位置', '天窗的设置位置'), ('屋面板与屋架的连接可靠性', '屋面板与屋架的连接可靠性'), ('屋面纵向水平刚度', '屋面纵向水平刚度'), ('采光要求', '采光要求')]","{'天窗设置位置': 1, '屋面板与屋架的连接可靠性': 0, '屋面纵向水平刚度': 1, '采光要求': 1}","{'天窗设置位置': {'content': [('天窗设置位置:第二开间', '天窗设置位置:第二开间'), ('天窗设置位置:第三开间', '天窗设置位置:第三开间')], 'accuracy': 1.0}, '屋面板与屋架的连接可靠性': {'content': [('屋面板与屋架的连接可靠性:高', '屋面板与屋架的连接可靠性:高')], 'accuracy': 0.5}, '屋面纵向水平刚度': {'content': [('屋面纵向水平刚度:高', '屋面纵向水平刚度:高'), ('屋面纵向水平刚度:低', '屋面纵向水平刚度:大大降低')], 'accuracy': 1.0}, '采光要求': {'content': [('采光要求:高', '采光要求:高'), ('采光要求:不太高', '采光要求:不太高')], 'accuracy': 1.0}}"
53,0.75,1,1,"[('构件的延性性能', '构件的延性性能'), ('非预应力钢筋的配置', '非预应力钢筋的配置'), ('非预应力钢筋承担的弯矩设计值', '非预应力钢筋承担的弯矩设计值')]","{'构件的延性性能': 1, '非预应力钢筋的配置': 1, '非预应力钢筋承担的弯矩设计值': 1}","{'构件的延性性能': {'content': [('构件的延性性能:降低', '构件的延性性能:降低'), ('构件的延性性能:不降低', '构件的延性性能:不降低')], 'accuracy': 1.0}, '非预应力钢筋的配置': {'content': [('非预应力钢筋的配置:配置一定数量的非预应力钢筋', '非预应力钢筋的配置:配置一定数量'), ('非预应力钢筋的配置:不配置非预应力钢筋', '非预应力钢筋的配置:不配置')], 'accuracy': 1.0}, '非预应力钢筋承担的弯矩设计值': {'content': [('非预应力钢筋承担的弯矩设计值:不小于65％', '非预应力钢筋承担的弯矩设计值:不小于65％'), ('非预应力钢筋承担的弯矩设计值:小于65％', '非预应力钢筋承担的弯矩设计值:小于65％')], 'accuracy': 1.0}}"
54,0.666666667,0.75,1,"[('混凝土收缩', '烟囱混凝土收缩'), ('钢筋与混凝土间的黏结强度', '钢筋与混凝土间的黏结强度'), ('滑移', '滑移'), ('裂缝宽度', '裂缝宽度')]","{'混凝土收缩': 1, '钢筋与混凝土间的黏结强度': 1, '滑移': 1, '裂缝宽度': 0}","{'混凝土收缩': {'content': [('混凝土收缩:大', '混凝土收缩:大'), ('混凝土收缩:小', '混凝土收缩:小')], 'accuracy': 1.0}, '钢筋与混凝土间的黏结强度': {'content': [('钢筋与混凝土间的黏结强度:降低', '钢筋与混凝土间的黏结强度:降低'), ('钢筋与混凝土间的黏结强度:未降低', '钢筋与混凝土间的黏结强度:未降低')], 'accuracy': 1.0}, '滑移': {'content': [('滑移:增大', '滑移:增大'), ('滑移:未增大', '滑移:未增大')], 'accuracy': 1.0}, '裂缝宽度': {'content': [('裂缝宽度:增加', '裂缝宽度:增加'), ('裂缝宽度:未增加', '裂缝宽度:未增加')], 'accuracy': 1.0}}"
55,1,0.666666667,1,"[('混凝土坍落度', '混凝土坍落度'), ('桩顶浮浆量', '桩顶浮浆量'), ('桩体强度', '桩体强度')]","{'混凝土坍落度': 1, '桩顶浮浆量': 0, '桩体强度': 1}","{'混凝土坍落度': {'content': [('混凝土坍落度:过大', '混凝土坍落度:过大'), ('混凝土坍落度:适中', '混凝土坍落度:适中'), ('混凝土坍落度:过小', '混凝土坍落度:过小')], 'accuracy': 1.0}, '桩顶浮浆量': {'content': [('桩顶浮浆量:过多', '桩顶浮浆量:过多'), ('桩顶浮浆量:适中', '桩顶浮浆量:适中'), ('桩顶浮浆量:过少', '桩顶浮浆量:过少')], 'accuracy': 1.0}, '桩体强度': {'content': [('桩体强度:降低', '桩体强度:降低'), ('桩体强度:适中', '桩体强度:适中'), ('桩体强度:提高', '桩体强度:提高')], 'accuracy': 1.0}}"
56,1,0.75,1,"[('洞口角部钢筋配置', '洞口角部配置斜筋'), ('局部钢筋间距', '钢筋间距'), ('混凝土振捣难度', '混凝土振捣'), ('钢筋密度', '钢筋密度')]","{'洞口角部钢筋配置': 1, '局部钢筋间距': 1, '混凝土振捣难度': 0, '钢筋密度': 1}","{'洞口角部钢筋配置': {'content': [('洞口角部钢筋配置:斜筋配置', '洞口角部钢筋配置:配置'), ('洞口角部钢筋配置:不配置斜筋', '洞口角部钢筋配置:不配置')], 'accuracy': 1.0}, '局部钢筋间距': {'content': [('局部钢筋间距:间距过小', '局部钢筋间距:过小'), ('局部钢筋间距:间距适中', '局部钢筋间距:适中')], 'accuracy': 1.0}, '混凝土振捣难度': {'content': [('混凝土振捣难度:振捣困难', '混凝土振捣难度:困难'), ('混凝土振捣难度:振捣容易', '混凝土振捣难度:容易')], 'accuracy': 1.0}, '钢筋密度': {'content': [('钢筋密度:较密', '钢筋密度:较密'), ('钢筋密度:适中', '钢筋密度:适中')], 'accuracy': 1.0}}"
61,0.6,0.666666667,1,"[('无粘结构造层厚度', '无粘结构造层厚度'), ('约束单元配置', '约束单元配置'), ('混凝土开裂', '混凝土开裂')]","{'无粘结构造层厚度': 1, '约束单元配置': 1, '混凝土开裂': 0}","{'无粘结构造层厚度': {'content': [('无粘结构造层厚度:薄', '无粘结构造层厚度:较薄'), ('无粘结构造层厚度:厚', '无粘结构造层厚度:较厚')], 'accuracy': 1.0}, '约束单元配置': {'content': [('约束单元配置:配置足够箍筋或保证钢管足够壁厚', '约束单元配置:配置足够箍筋'), ('约束单元配置:配置足够箍筋或保证钢管足够壁厚', '约束单元配置:保证钢管足够壁厚')], 'accuracy': 1.0}, '混凝土开裂': {'content': [('混凝土开裂:开裂', '混凝土开裂:发生'), ('混凝土开裂:不开裂', '混凝土开裂:不发生')], 'accuracy': 1.0}}"
64,0.75,0.666666667,1,"[('混凝土冻融损伤', '混凝土冻融损伤'), ('含水情况', '含水情况'), ('环境正负温度的交替变化', '环境温度变化')]","{'混凝土冻融损伤': 0, '含水情况': 1, '环境正负温度的交替变化': 1}","{'混凝土冻融损伤': {'content': [('混凝土冻融损伤:无冻融损伤', '混凝土冻融损伤:无损伤'), ('混凝土冻融损伤:有冻融损伤', '混凝土冻融损伤:损伤')], 'accuracy': 1.0}, '含水情况': {'content': [('含水情况:含水', '含水情况:含水'), ('含水情况:不含水', '含水情况:不含水')], 'accuracy': 1.0}, '环境正负温度的交替变化': {'content': [('环境正负温度的交替变化:正负温度交替变化', '环境正负温度的交替变化:正负温度交替变化'), ('环境正负温度的交替变化:温度稳定', '环境正负温度的交替变化:温度稳定')], 'accuracy': 1.0}}"
46,1,1,1,"[('边坡稳定性', '边坡失稳或滑移'), ('地表水流', '地表水流冲刷'), ('雨水冲刷', '地表水流冲刷'), ('雨水排泄', '雨水排泄'), ('护坡措施', '护坡或草皮种植'), ('草皮种植', '护坡或草皮种植')]","{'边坡稳定性': 1, '地表水流': 1, '雨水冲刷': 1, '雨水排泄': 1, '护坡措施': 1, '草皮种植': 1}","{'边坡稳定性': {'content': [('边坡稳定性:稳定', '边坡稳定性:发生'), ('边坡稳定性:失稳', '边坡稳定性:未发生')], 'accuracy': 1.0}, '地表水流': {'content': [('地表水流:强', '地表水流:强'), ('地表水流:弱', '地表水流:弱')], 'accuracy': 1.0}, '雨水冲刷': {'content': [('雨水冲刷:强', '雨水冲刷:强'), ('雨水冲刷:弱', '雨水冲刷:弱')], 'accuracy': 1.0}, '雨水排泄': {'content': [('雨水排泄:有组织', '雨水排泄:有组织'), ('雨水排泄:无组织', '雨水排泄:无组织')], 'accuracy': 1.0}, '护坡措施': {'content': [('护坡措施:做护坡', '护坡措施:实施'), ('护坡措施:不做护坡', '护坡措施:未实施')], 'accuracy': 1.0}, '草皮种植': {'content': [('草皮种植:种植', '草皮种植:实施'), ('草皮种植:未种植', '草皮种植:未实施')], 'accuracy': 1.0}}"
60,0.8,0.75,1,"[('剪力墙的截面积', '剪力墙的截面积'), ('剪力墙的抗剪能力', '剪力墙的抗剪能力'), ('墙片内的水平钢筋', '墙片内的水平钢筋'), ('剪力墙承担的剪力', '剪力墙的剪力')]","{'剪力墙的截面积': 1, '剪力墙的抗剪能力': 0, '墙片内的水平钢筋': 1, '剪力墙承担的剪力': 1}","{'剪力墙的截面积': {'content': [('剪力墙的截面积:较小', '剪力墙的截面积:不确定'), ('剪力墙的截面积:较大', '剪力墙的截面积:一定')], 'accuracy': 1.0}, '剪力墙的抗剪能力': {'content': [('剪力墙的抗剪能力:提高', '剪力墙的抗剪能力:提高'), ('剪力墙的抗剪能力:不提高', '剪力墙的抗剪能力:不提高')], 'accuracy': 1.0}, '墙片内的水平钢筋': {'content': [('墙片内的水平钢筋:增加', '墙片内的水平钢筋:增加'), ('墙片内的水平钢筋:不增加', '墙片内的水平钢筋:不增加')], 'accuracy': 1.0}, '剪力墙承担的剪力': {'content': [('剪力墙承担的剪力:较大', '剪力墙承担的剪力:较大'), ('剪力墙承担的剪力:较小', '剪力墙承担的剪力:较小')], 'accuracy': 1.0}}"
63,1,1,1,"[('结构张拉形态分析', '结构张拉形态分析'), ('索或拉杆的预应力分布', '索或拉杆的预应力分布'), ('个别索的松弛', '个别索的松弛'), ('结构失效', '结构失效')]","{'结构张拉形态分析': 1, '索或拉杆的预应力分布': 1, '个别索的松弛': 1, '结构失效': 1}","{'结构张拉形态分析': {'content': [('结构张拉形态分析:进行', '结构张拉形态分析:进行'), ('结构张拉形态分析:不进行', '结构张拉形态分析:不进行')], 'accuracy': 1.0}, '索或拉杆的预应力分布': {'content': [('索或拉杆的预应力分布:确定', '索或拉杆的预应力分布:确定'), ('索或拉杆的预应力分布:未确定', '索或拉杆的预应力分布:未确定')], 'accuracy': 1.0}, '个别索的松弛': {'content': [('个别索的松弛:发生', '个别索的松弛:发生'), ('个别索的松弛:不发生', '个别索的松弛:不发生')], 'accuracy': 1.0}, '结构失效': {'content': [('结构失效:避免', '结构失效:有效'), ('结构失效:发生', '结构失效:失效')], 'accuracy': 1.0}}"
66,0.6,1,1,"[('混凝土的浇筑温度', '混凝土浇筑温度'), ('温度应力', '温度应力'), ('混凝土开裂', '混凝土开裂')]","{'混凝土的浇筑温度': 1, '温度应力': 1, '混凝土开裂': 1}","{'混凝土的浇筑温度': {'content': [('混凝土的浇筑温度:高', '混凝土的浇筑温度:高'), ('混凝土的浇筑温度:低', '混凝土的浇筑温度:低')], 'accuracy': 1.0}, '温度应力': {'content': [('温度应力:大', '温度应力:大'), ('温度应力:小', '温度应力:小')], 'accuracy': 1.0}, '混凝土开裂': {'content': [('混凝土开裂:发生', '混凝土开裂:发生'), ('混凝土开裂:不发生', '混凝土开裂:不发生')], 'accuracy': 1.0}}"
65,1,1,0.833333333,"[('地下水流速', '地下水流速'), ('灌注质量', '灌注质量'), ('保护措施', '采用永久套管、护筒或其他保护措施')]","{'地下水流速': 1, '灌注质量': 1, '保护措施': 1}","{'地下水流速': {'content': [('地下水流速:较小', '地下水流速:不大')], 'accuracy': 0.5}, '灌注质量': {'content': [('灌注质量:受影响', '灌注质量:受影响'), ('灌注质量:不受影响', '灌注质量:未受影响')], 'accuracy': 1.0}, '保护措施': {'content': [('保护措施:永久套管、护筒或其他保护措施', '保护措施:采用'), ('保护措施:不采取保护措施', '保护措施:不采用')], 'accuracy': 1.0}}"
59,0.75,1,0.888888889,"[('预防措施', '膨胀土的预防措施'), ('胀缩变形幅度', '胀缩变形幅度'), ('砌体结构破坏', '砌体结构的破坏')]","{'预防措施': 1, '胀缩变形幅度': 1, '砌体结构破坏': 1}","{'预防措施': {'content': [('预防措施:采取', '预防措施:采取'), ('预防措施:不采取', '预防措施:不采取')], 'accuracy': 1.0}, '胀缩变形幅度': {'content': [('胀缩变形幅度:10mm～20mm', '胀缩变形幅度:10mm～20mm'), ('胀缩变形幅度:大于20mm', '胀缩变形幅度:大于20mm')], 'accuracy': 0.6666666666666666}, '砌体结构破坏': {'content': [('砌体结构破坏:不发生', '砌体结构破坏:无破坏'), ('砌体结构破坏:发生', '砌体结构破坏:严重破坏')], 'accuracy': 1.0}}"
67,0.8,0.25,1,"[('结构的扭转效应', '结构的扭转效应'), ('平面不规则', '平面不规则'), ('质量与刚度偏心', '质量与刚度偏心'), ('抗扭刚度', '抗扭刚度')]","{'结构的扭转效应': 1, '平面不规则': 0, '质量与刚度偏心': 0, '抗扭刚度': 0}","{'结构的扭转效应': {'content': [('结构的扭转效应:大', '结构的扭转效应:大'), ('结构的扭转效应:小', '结构的扭转效应:小')], 'accuracy': 1.0}, '平面不规则': {'content': [('平面不规则:是', '平面不规则:是'), ('平面不规则:否', '平面不规则:否')], 'accuracy': 1.0}, '质量与刚度偏心': {'content': [('质量与刚度偏心:是', '质量与刚度偏心:存在'), ('质量与刚度偏心:否', '质量与刚度偏心:不存在')], 'accuracy': 1.0}, '抗扭刚度': {'content': [('抗扭刚度:太弱', '抗扭刚度:太弱'), ('抗扭刚度:足够', '抗扭刚度:足够')], 'accuracy': 1.0}}"
71,1,0,0,"['边坡安全', '岩土条件', '水文测试']",{},{}
76,0.666666667,0.5,1,"[('边坡稳定性', '边坡稳定性'), ('弃土弃渣堆填', '弃土、弃渣堆填方式')]","{'边坡稳定性': 0, '弃土弃渣堆填': 1}","{'边坡稳定性': {'content': [('边坡稳定性:稳定', '边坡稳定性:稳定'), ('边坡稳定性:不稳定', '边坡稳定性:不稳定')], 'accuracy': 1.0}, '弃土弃渣堆填': {'content': [('弃土弃渣堆填:不导致边坡附加变形或破坏', '弃土弃渣堆填:不导致边坡附加变形或破坏'), ('弃土弃渣堆填:导致边坡附加变形或破坏', '弃土弃渣堆填:导致边坡附加变形或破坏')], 'accuracy': 1.0}}"
69,0.75,0.666666667,1,"[('结构布置方案', '结构布置方案'), ('纵墙倒塌', '纵墙破坏'), ('建筑安全', '建筑倒塌')]","{'结构布置方案': 1, '纵墙倒塌': 1, '建筑安全': 0}","{'结构布置方案': {'content': [('结构布置方案:纵墙承重', '结构布置方案:纵墙承重'), ('结构布置方案:横墙承重', '结构布置方案:横墙承重')], 'accuracy': 1.0}, '纵墙倒塌': {'content': [('纵墙倒塌:可能', '纵墙倒塌:未弯曲破坏'), ('纵墙倒塌:不可能', '纵墙倒塌:弯曲破坏')], 'accuracy': 1.0}, '建筑安全': {'content': [('建筑安全:安全', '建筑安全:未倒塌'), ('建筑安全:不安全', '建筑安全:倒塌')], 'accuracy': 1.0}}"
57,1,0.5,1,"[('建筑结构方案', '建筑结构方案'), ('防震缝设置', '防震缝设置'), ('结构抗震分析模型', '结构抗震分析模型'), ('扭转地震效应', '扭转地震效应'), ('连接处局部应力集中', '连接处局部应力集中'), ('结构安全', '抗震措施')]","{'建筑结构方案': 1, '防震缝设置': 1, '结构抗震分析模型': 1, '扭转地震效应': 0, '连接处局部应力集中': 0, '结构安全': 0}","{'建筑结构方案': {'content': [('建筑结构方案:复杂不规则', '建筑结构方案:不规则'), ('建筑结构方案:简单规则', '建筑结构方案:规则')], 'accuracy': 1.0}, '防震缝设置': {'content': [('防震缝设置:设防震缝', '防震缝设置:设防震缝'), ('防震缝设置:不设防震缝', '防震缝设置:不设防震缝')], 'accuracy': 1.0}, '结构抗震分析模型': {'content': [('结构抗震分析模型:简单', '结构抗震分析模型:简单'), ('结构抗震分析模型:复杂', '结构抗震分析模型:复杂')], 'accuracy': 1.0}, '扭转地震效应': {'content': [('扭转地震效应:考虑', '扭转地震效应:考虑'), ('扭转地震效应:不考虑', '扭转地震效应:不考虑')], 'accuracy': 1.0}, '连接处局部应力集中': {'content': [('连接处局部应力集中:加强', '连接处局部应力集中:需要加强'), ('连接处局部应力集中:不加强', '连接处局部应力集中:不需要加强')], 'accuracy': 1.0}, '结构安全': {'content': [('结构安全:安全', '结构安全:采取'), ('结构安全:不安全', '结构安全:不采取')], 'accuracy': 1.0}}"
77,1,0,1,"[('附加沉降', '既有建筑基础的附加沉降'), ('附加沉降', '地基附加沉降')]",{'附加沉降': 0},"{'附加沉降': {'content': [('附加沉降:不减少', '附加沉降:不产生'), ('附加沉降:减少', '附加沉降:产生')], 'accuracy': 1.0}}"
68,1,1,0.875,"[('桩体稳定性', '桩体失稳'), ('障碍物清除', '清除桩位上的障碍物'), ('土层硬度', '沉桩过程中遇到硬土层'), ('大块石或混凝土块', '大块石或混凝土块嵌入H钢桩槽口')]","{'桩体稳定性': 1, '障碍物清除': 1, '土层硬度': 1, '大块石或混凝土块': 1}","{'桩体稳定性': {'content': [('桩体稳定性:稳定', '桩体稳定性:稳定'), ('桩体稳定性:失稳', '桩体稳定性:失稳')], 'accuracy': 1.0}, '障碍物清除': {'content': [('障碍物清除:清除', '障碍物清除:清除'), ('障碍物清除:未清除', '障碍物清除:未清除')], 'accuracy': 1.0}, '土层硬度': {'content': [('土层硬度:软土层', '土层硬度:遇到')], 'accuracy': 0.5}, '大块石或混凝土块': {'content': [('大块石或混凝土块:嵌入钢桩槽口', '大块石或混凝土块:嵌入'), ('大块石或混凝土块:未嵌入钢桩槽口', '大块石或混凝土块:未嵌入')], 'accuracy': 1.0}}"
74,0.75,1,0.666666667,"[('挡墙稳定性', '挡墙稳定性'), ('墙踵陷入地基', '墙踵陷入地基'), ('挡墙墙身整体性', '挡墙墙身整体性')]","{'挡墙稳定性': 1, '墙踵陷入地基': 1, '挡墙墙身整体性': 1}","{'挡墙稳定性': {'content': [('挡墙稳定性:增加', '挡墙稳定性:减少')], 'accuracy': 0.5}, '墙踵陷入地基': {'content': [('墙踵陷入地基:发生', '墙踵陷入地基:发生'), ('墙踵陷入地基:不发生', '墙踵陷入地基:不发生')], 'accuracy': 1.0}, '挡墙墙身整体性': {'content': [('挡墙墙身整体性:保持', '挡墙墙身整体性:保持')], 'accuracy': 0.5}}"
62,1,1,1,"[('混凝土保护层', '混凝土保护层剥落'), ('箍筋的无支长度', '箍筋的无支长度'), ('柱核芯的约束', '钢筋笼子对柱核芯的约束作用')]","{'混凝土保护层': 1, '箍筋的无支长度': 1, '柱核芯的约束': 1}","{'混凝土保护层': {'content': [('混凝土保护层:剥落', '混凝土保护层:剥落'), ('混凝土保护层:不剥落', '混凝土保护层:未剥落')], 'accuracy': 1.0}, '箍筋的无支长度': {'content': [('箍筋的无支长度:足够', '箍筋的无支长度:减少'), ('箍筋的无支长度:过大', '箍筋的无支长度:未减少')], 'accuracy': 1.0}, '柱核芯的约束': {'content': [('柱核芯的约束:有效', '柱核芯的约束:有效'), ('柱核芯的约束:无效', '柱核芯的约束:无效')], 'accuracy': 1.0}}"
72,1,1,1,"[('混凝土入模温度', '入模温度'), ('混凝土预养时间', '混凝土预养时间'), ('环境温度', '环境温度'), ('混凝土冻伤', '预养冻伤')]","{'混凝土入模温度': 1, '混凝土预养时间': 1, '环境温度': 1, '混凝土冻伤': 1}","{'混凝土入模温度': {'content': [('混凝土入模温度:较高', '混凝土入模温度:较高'), ('混凝土入模温度:较低', '混凝土入模温度:较低')], 'accuracy': 1.0}, '混凝土预养时间': {'content': [('混凝土预养时间:不足', '混凝土预养时间:不足'), ('混凝土预养时间:充足', '混凝土预养时间:足够')], 'accuracy': 1.0}, '环境温度': {'content': [('环境温度:降到混凝土冻结温度', '环境温度:低于混凝土冻结温度'), ('环境温度:未降到混凝土冻结温度', '环境温度:高于混凝土冻结温度')], 'accuracy': 1.0}, '混凝土冻伤': {'content': [('混凝土冻伤:未冻伤', '混凝土冻伤:无'), ('混凝土冻伤:冻伤', '混凝土冻伤:严重')], 'accuracy': 1.0}}"
70,1,0.75,0.875,"[('楼板局部开大洞', '楼板局部开大洞'), ('长短柱共用', '长短柱共用'), ('细腰形平面', '细腰形平面'), ('地震扭转效应', '地震扭转效应')]","{'楼板局部开大洞': 0, '长短柱共用': 1, '细腰形平面': 1, '地震扭转效应': 1}","{'楼板局部开大洞': {'content': [('楼板局部开大洞:是', '楼板局部开大洞:存在'), ('楼板局部开大洞:否', '楼板局部开大洞:不存在')], 'accuracy': 1.0}, '长短柱共用': {'content': [('长短柱共用:多', '长短柱共用:多'), ('长短柱共用:少', '长短柱共用:少')], 'accuracy': 1.0}, '细腰形平面': {'content': [('细腰形平面:出现', '细腰形平面:可能'), ('细腰形平面:不出现', '细腰形平面:不太可能')], 'accuracy': 1.0}, '地震扭转效应': {'content': [('地震扭转效应:小', '地震扭转效应:小')], 'accuracy': 0.5}}"
79,0.75,1,1,"[('混凝土收缩', '混凝土收缩'), ('岩石的约束作用', '岩石的约束作用'), ('挡土板开裂', '挡土板开裂')]","{'混凝土收缩': 1, '岩石的约束作用': 1, '挡土板开裂': 1}","{'混凝土收缩': {'content': [('混凝土收缩:发生', '混凝土收缩:发生'), ('混凝土收缩:不发生', '混凝土收缩:不发生')], 'accuracy': 1.0}, '岩石的约束作用': {'content': [('岩石的约束作用:产生拉应力', '岩石的约束作用:产生'), ('岩石的约束作用:不产生拉应力', '岩石的约束作用:不产生')], 'accuracy': 1.0}, '挡土板开裂': {'content': [('挡土板开裂:避免', '挡土板开裂:不开裂'), ('挡土板开裂:发生', '挡土板开裂:开裂')], 'accuracy': 1.0}}"
58,0.875,1,0.928571429,"[('建筑物覆盖面积', '建筑覆盖面积'), ('膨胀土中的水分变化', '膨胀土中的水分变化'), ('中部区域隆起', '中部区域隆起和四周升降位移的不均匀性'), ('建筑物四周的升降位移', '建筑物四周结构升降位移'), ('建筑结构的次应力', '建筑结构产生次应力'), ('大型结构的跨度和结构形式', '大型结构跨度'), ('建筑物的正常使用', '建筑结构破坏或影响正常使用')]","{'建筑物覆盖面积': 1, '膨胀土中的水分变化': 1, '中部区域隆起': 1, '建筑物四周的升降位移': 1, '建筑结构的次应力': 1, '大型结构的跨度和结构形式': 1, '建筑物的正常使用': 1}","{'建筑物覆盖面积': {'content': [('建筑物覆盖面积:大', '建筑物覆盖面积:大'), ('建筑物覆盖面积:小', '建筑物覆盖面积:小')], 'accuracy': 1.0}, '膨胀土中的水分变化': {'content': [('膨胀土中的水分变化:无明显变化', '膨胀土中的水分变化:受覆盖效应影响小')], 'accuracy': 0.5}, '中部区域隆起': {'content': [('中部区域隆起:大', '中部区域隆起:小'), ('中部区域隆起:不均匀', '中部区域隆起:相对均匀')], 'accuracy': 1.0}, '建筑物四周的升降位移': {'content': [('建筑物四周的升降位移:较大幅度', '建筑物四周的升降位移:产生较大幅度升降位移'), ('建筑物四周的升降位移:较小幅度', '建筑物四周的升降位移:升降位移较小')], 'accuracy': 1.0}, '建筑结构的次应力': {'content': [('建筑结构的次应力:大', '建筑结构的次应力:难于承受导致破坏'), ('建筑结构的次应力:小', '建筑结构的次应力:可以承受无破坏')], 'accuracy': 1.0}, '大型结构的跨度和结构形式': {'content': [('大型结构的跨度和结构形式:跨度大，结构形式新型', '大型结构的跨度和结构形式:大'), ('大型结构的跨度和结构形式:跨度小，结构形式传统', '大型结构的跨度和结构形式:小')], 'accuracy': 1.0}, '建筑物的正常使用': {'content': [('建筑物的正常使用:容易遭到破坏或影响', '建筑物的正常使用:容易遭到破坏或影响'), ('建筑物的正常使用:不易遭到破坏或影响', '建筑物的正常使用:不易破坏且正常使用')], 'accuracy': 1.0}}"
80,0.75,1,0.666666667,"[('膨胀土防水毯倒角', '倒角处理材料'), ('膨润土颗粒损失', '膨润土颗粒损失'), ('整体防水质量', '整体防水质量')]","{'膨胀土防水毯倒角': 1, '膨润土颗粒损失': 1, '整体防水质量': 1}","{'膨胀土防水毯倒角': {'content': [('膨胀土防水毯倒角:倒角', '膨胀土防水毯倒角:膨润土颗粒')], 'accuracy': 0.5}, '膨润土颗粒损失': {'content': [('膨润土颗粒损失:损失', '膨润土颗粒损失:损失')], 'accuracy': 0.5}, '整体防水质量': {'content': [('整体防水质量:受影响', '整体防水质量:受影响'), ('整体防水质量:不受影响', '整体防水质量:不受影响')], 'accuracy': 1.0}}"
83,0.6,1,1,"[('结构的平面和竖向布置', '结构的平面和竖向布置'), ('薄弱部位', '薄弱部位'), ('多道防线', '多道防线')]","{'结构的平面和竖向布置': 1, '薄弱部位': 1, '多道防线': 1}","{'结构的平面和竖向布置': {'content': [('结构的平面和竖向布置:合理刚度、合理质量、合理承载力分布', '结构的平面和竖向布置:合理刚度、质量和承载力分布'), ('结构的平面和竖向布置:不具有', '结构的平面和竖向布置:局部突变和扭转效应')], 'accuracy': 1.0}, '薄弱部位': {'content': [('薄弱部位:有', '薄弱部位:可能出现'), ('薄弱部位:无', '薄弱部位:不出现')], 'accuracy': 1.0}, '多道防线': {'content': [('多道防线:具有', '多道防线:具有'), ('多道防线:不具有', '多道防线:不具有')], 'accuracy': 1.0}}"
86,0.666666667,1,1,"[('沉降观测点位置', '沉降测定平面位置'), ('承压板变形', '承压板变形')]","{'沉降观测点位置': 1, '承压板变形': 1}","{'沉降观测点位置': {'content': [('沉降观测点位置:千斤顶底座承压板以下', '沉降观测点位置:在千斤顶底座承压板以下'), ('沉降观测点位置:承压板上', '沉降观测点位置:在承压板上'), ('沉降观测点位置:千斤顶上', '沉降观测点位置:在千斤顶上')], 'accuracy': 1.0}, '承压板变形': {'content': [('承压板变形:无变形', '承压板变形:不导致沉降观测数据失实'), ('承压板变形:有变形', '承压板变形:导致沉降观测数据失实')], 'accuracy': 1.0}}"
73,1,0.75,1,"[('集中荷载影响区附加横向钢筋配置', '集中荷载'), ('集中荷载影响区附加横向钢筋配置', '附加横向钢筋配置'), ('梁受剪箍筋配筋率', '梁受剪箍筋配筋率'), ('斜截面受剪承载力', '斜裂缝及局部受拉裂缝宽度')]","{'集中荷载影响区附加横向钢筋配置': 1, '梁受剪箍筋配筋率': 1, '斜截面受剪承载力': 1}","{'集中荷载影响区附加横向钢筋配置': {'content': [('集中荷载影响区附加横向钢筋配置:配置', '集中荷载影响区附加横向钢筋配置:配置'), ('集中荷载影响区附加横向钢筋配置:不配置', '集中荷载影响区附加横向钢筋配置:不配置')], 'accuracy': 1.0}, '梁受剪箍筋配筋率': {'content': [('梁受剪箍筋配筋率:满足要求', '梁受剪箍筋配筋率:满足要求'), ('梁受剪箍筋配筋率:不满足要求', '梁受剪箍筋配筋率:不满足要求')], 'accuracy': 1.0}, '斜截面受剪承载力': {'content': [('斜截面受剪承载力:降低', '斜截面受剪承载力:限制'), ('斜截面受剪承载力:不降低', '斜截面受剪承载力:不限制')], 'accuracy': 1.0}}"
75,0.857142857,0.833333333,0.916666667,"[('保温层位置', '保温层位置'), ('保护层', '保护层设置'), ('找平层', '找平层设置'), ('保温性能', '保温性能'), ('水汽进入', '水汽进入'), ('保温层耐久性', '耐久性')]","{'保温层位置': 0, '保护层': 1, '找平层': 1, '保温性能': 1, '水汽进入': 1, '保温层耐久性': 1}","{'保温层位置': {'content': [('保温层位置:设置在防水层上部', '保温层位置:设置在防水层上部'), ('保温层位置:设置在防水层下部', '保温层位置:设置在防水层下部')], 'accuracy': 1.0}, '保护层': {'content': [('保护层:做保护层', '保护层:有保护层'), ('保护层:不做保护层', '保护层:无保护层')], 'accuracy': 1.0}, '找平层': {'content': [('找平层:做找平层', '找平层:有找平层'), ('找平层:不做找平层', '找平层:无找平层')], 'accuracy': 1.0}, '保温性能': {'content': [('保温性能:受损', '保温性能:受损'), ('保温性能:未受损', '保温性能:未受损')], 'accuracy': 1.0}, '水汽进入': {'content': [('水汽进入:进入', '水汽进入:进入'), ('水汽进入:不进入', '水汽进入:未进入')], 'accuracy': 1.0}, '保温层耐久性': {'content': [('保温层耐久性:提高', '保温层耐久性:降低')], 'accuracy': 0.5}}"
90,0.75,1,1,"[('防震缝间距', '防震缝设置'), ('建筑物震害', '建(构)筑物震害'), ('通廊与建筑物的碰撞', '通廊与相邻建(构)筑物的碰撞')]","{'防震缝间距': 1, '建筑物震害': 1, '通廊与建筑物的碰撞': 1}","{'防震缝间距': {'content': [('防震缝间距:满足要求', '防震缝间距:满足要求'), ('防震缝间距:不满足要求', '防震缝间距:不满足要求')], 'accuracy': 1.0}, '建筑物震害': {'content': [('建筑物震害:严重', '建筑物震害:严重'), ('建筑物震害:轻微', '建筑物震害:轻微')], 'accuracy': 1.0}, '通廊与建筑物的碰撞': {'content': [('通廊与建筑物的碰撞:发生', '通廊与建筑物的碰撞:发生'), ('通廊与建筑物的碰撞:未发生', '通廊与建筑物的碰撞:未发生')], 'accuracy': 1.0}}"
81,1,0.75,1,"[('结构沿竖向刚度或抗侧力承载力', '结构沿竖向刚度变化'), ('薄弱层的变形和构件应力', '薄弱层的变形'), ('采取加强措施', '采取加强措施'), ('震害', '构件应力集中')]","{'结构沿竖向刚度或抗侧力承载力': 1, '薄弱层的变形和构件应力': 1, '采取加强措施': 1, '震害': 0}","{'结构沿竖向刚度或抗侧力承载力': {'content': [('结构沿竖向刚度或抗侧力承载力:变化过大', '结构沿竖向刚度或抗侧力承载力:大'), ('结构沿竖向刚度或抗侧力承载力:变化适中', '结构沿竖向刚度或抗侧力承载力:小')], 'accuracy': 1.0}, '薄弱层的变形和构件应力': {'content': [('薄弱层的变形和构件应力:过于集中', '薄弱层的变形和构件应力:严重'), ('薄弱层的变形和构件应力:分布均匀', '薄弱层的变形和构件应力:轻微')], 'accuracy': 1.0}, '采取加强措施': {'content': [('采取加强措施:不采取加强措施', '采取加强措施:否'), ('采取加强措施:包括相邻楼层', '采取加强措施:是'), ('采取加强措施:不包括相邻楼层', '采取加强措施:是')], 'accuracy': 1.0}, '震害': {'content': [('震害:无', '震害:集中'), ('震害:无', '震害:分散'), ('震害:有', '震害:集中'), ('震害:有', '震害:分散')], 'accuracy': 1}}"
88,0.75,0.666666667,1,"[('地基浸水', '地基浸水'), ('地基土冻胀性', '地基土冻胀性'), ('房屋冻胀破坏', '房屋冻胀破坏')]","{'地基浸水': 1, '地基土冻胀性': 0, '房屋冻胀破坏': 1}","{'地基浸水': {'content': [('地基浸水:发生', '地基浸水:发生'), ('地基浸水:不发生', '地基浸水:未发生')], 'accuracy': 1.0}, '地基土冻胀性': {'content': [('地基土冻胀性:增强', '地基土冻胀性:增强'), ('地基土冻胀性:不增强', '地基土冻胀性:未增强')], 'accuracy': 1.0}, '房屋冻胀破坏': {'content': [('房屋冻胀破坏:出现', '房屋冻胀破坏:出现'), ('房屋冻胀破坏:不出现', '房屋冻胀破坏:未出现')], 'accuracy': 1.0}}"
84,1,1,1,"[('板齿滑移', '板齿滑移'), ('木桁架变形', '木桁架变形'), ('板齿抗滑移承载力', '板齿抗滑移承载力')]","{'板齿滑移': 1, '木桁架变形': 1, '板齿抗滑移承载力': 1}","{'板齿滑移': {'content': [('板齿滑移:过大', '板齿滑移:过大'), ('板齿滑移:适中', '板齿滑移:适中')], 'accuracy': 1.0}, '木桁架变形': {'content': [('木桁架变形:影响正常使用', '木桁架变形:影响正常使用'), ('木桁架变形:不影响正常使用', '木桁架变形:不影响正常使用')], 'accuracy': 1.0}, '板齿抗滑移承载力': {'content': [('板齿抗滑移承载力:验算', '板齿抗滑移承载力:需要验算'), ('板齿抗滑移承载力:不验算', '板齿抗滑移承载力:不需要验算')], 'accuracy': 1.0}}"
94,1,0.333333333,1,"[('埋置深度', '埋置深度'), ('抗倾覆和抗滑移稳定性', '抗倾覆和抗滑移稳定性'), ('严重后果', '严重后果')]","{'埋置深度': 1, '抗倾覆和抗滑移稳定性': 0, '严重后果': 0}","{'埋置深度': {'content': [('埋置深度:适当', '埋置深度:适当'), ('埋置深度:不适当', '埋置深度:不适当')], 'accuracy': 1.0}, '抗倾覆和抗滑移稳定性': {'content': [('抗倾覆和抗滑移稳定性:保证', '抗倾覆和抗滑移稳定性:保证'), ('抗倾覆和抗滑移稳定性:不保证', '抗倾覆和抗滑移稳定性:不保证')], 'accuracy': 1.0}, '严重后果': {'content': [('严重后果:可能发生', '严重后果:可能发生'), ('严重后果:不会发生', '严重后果:不发生')], 'accuracy': 1.0}}"
95,1,0.666666667,1,"[('桥梁倒塌', '桥梁倒塌'), ('抗震设计', '抗震设计'), ('钢筋混凝土墩柱剪切破坏', '钢筋混凝土墩柱剪切破坏')]","{'桥梁倒塌': 0, '抗震设计': 1, '钢筋混凝土墩柱剪切破坏': 1}","{'桥梁倒塌': {'content': [('桥梁倒塌:发生', '桥梁倒塌:倒塌'), ('桥梁倒塌:不发生', '桥梁倒塌:未倒塌')], 'accuracy': 1.0}, '抗震设计': {'content': [('抗震设计:通过验算和构造设计', '抗震设计:通过验算和构造设计'), ('抗震设计:未通过验算和构造设计', '抗震设计:未通过验算和构造设计')], 'accuracy': 1.0}, '钢筋混凝土墩柱剪切破坏': {'content': [('钢筋混凝土墩柱剪切破坏:发生', '钢筋混凝土墩柱剪切破坏:发生'), ('钢筋混凝土墩柱剪切破坏:不发生', '钢筋混凝土墩柱剪切破坏:未发生')], 'accuracy': 1.0}}"
87,1,0.833333333,0.833333333,"[('地基处理', '地基处理'), ('基础的砌筑质量', '基础的砌筑质量'), ('地基不均匀沉降', '地基不均匀沉降'), ('墙体开裂', '墙体开裂'), ('设置防潮层', '设置防潮层'), ('墙体酥落', '生土墙体酥落')]","{'地基处理': 1, '基础的砌筑质量': 1, '地基不均匀沉降': 1, '墙体开裂': 0, '设置防潮层': 1, '墙体酥落': 1}","{'地基处理': {'content': [('地基处理:夯实', '地基处理:重视'), ('地基处理:未夯实', '地基处理:不重视')], 'accuracy': 1.0}, '基础的砌筑质量': {'content': [('基础的砌筑质量:高质量', '基础的砌筑质量:高'), ('基础的砌筑质量:低质量', '基础的砌筑质量:低')], 'accuracy': 1.0}, '地基不均匀沉降': {'content': [('地基不均匀沉降:发生', '地基不均匀沉降:发生'), ('地基不均匀沉降:未发生', '地基不均匀沉降:不发生')], 'accuracy': 1.0}, '墙体开裂': {'content': [('墙体开裂:未开裂', '墙体开裂:不开裂')], 'accuracy': 0.5}, '设置防潮层': {'content': [('设置防潮层:设置', '设置防潮层:设置'), ('设置防潮层:未设置', '设置防潮层:未设置')], 'accuracy': 1.0}, '墙体酥落': {'content': [('墙体酥落:未酥落', '墙体酥落:不酥落')], 'accuracy': 0.5}}"
85,0.8,1,1,"[('受弯构件受拉区粘贴钢板', '粘贴钢板的锚固措施'), ('锚固加强措施', '粘贴钢板的粘贴规范性'), ('粘钢薄弱部位', '胶层与混凝土粘合面的应力状态'), ('脆性剥离或剪坏', '粘钢的剥离情况')]","{'受弯构件受拉区粘贴钢板': 1, '锚固加强措施': 1, '粘钢薄弱部位': 1, '脆性剥离或剪坏': 1}","{'受弯构件受拉区粘贴钢板': {'content': [('受弯构件受拉区粘贴钢板:粘贴', '受弯构件受拉区粘贴钢板:采取'), ('受弯构件受拉区粘贴钢板:不粘贴', '受弯构件受拉区粘贴钢板:未采取')], 'accuracy': 1.0}, '锚固加强措施': {'content': [('锚固加强措施:加强锚固', '锚固加强措施:规范'), ('锚固加强措施:不加强锚固', '锚固加强措施:不规范')], 'accuracy': 1.0}, '粘钢薄弱部位': {'content': [('粘钢薄弱部位:有', '粘钢薄弱部位:剪应力峰值大'), ('粘钢薄弱部位:无', '粘钢薄弱部位:剪应力峰值小')], 'accuracy': 1.0}, '脆性剥离或剪坏': {'content': [('脆性剥离或剪坏:发生', '脆性剥离或剪坏:脆性剥离'), ('脆性剥离或剪坏:不发生', '脆性剥离或剪坏:未剥离')], 'accuracy': 1.0}}"
92,0.75,0.666666667,1,"[('端屋架设置', '端屋架设置'), ('端开间塌落', '端开间塌落'), ('硬山搁檩做法', '硬山搁檩做法')]","{'端屋架设置': 1, '端开间塌落': 0, '硬山搁檩做法': 1}","{'端屋架设置': {'content': [('端屋架设置:设置端屋架', '端屋架设置:设置端屋架'), ('端屋架设置:不设置端屋架', '端屋架设置:不设置端屋架')], 'accuracy': 1.0}, '端开间塌落': {'content': [('端开间塌落:塌落', '端开间塌落:塌落'), ('端开间塌落:不塌落', '端开间塌落:未塌落')], 'accuracy': 1.0}, '硬山搁檩做法': {'content': ['硬山搁檩做法:采用', '硬山搁檩做法:不采用'], 'accuracy': 1.0}}"
99,0.333333333,1,1,"[('加固效果', '加固效果')]",{'加固效果': 1},"{'加固效果': {'content': [('加固效果:失效', '加固效果:失效'), ('加固效果:有效', '加固效果:有效')], 'accuracy': 1.0}}"
89,1,1,0.904761905,"[('水泥用量', '水泥用量'), ('水泥类型', '水泥类型'), ('水泥颗粒大小', '水泥颗粒大小'), ('水化热产生速度', '水化热产生速度'), ('外界温度', '拆模时外界温度'), ('温差', '温差'), ('混凝土开裂', '混凝土开裂')]","{'水泥用量': 1, '水泥类型': 1, '水泥颗粒大小': 1, '水化热产生速度': 1, '外界温度': 1, '温差': 1, '混凝土开裂': 1}","{'水泥用量': {'content': [('水泥用量:不超过350kg', '水泥用量:不超过350kg'), ('水泥用量:超过350kg', '水泥用量:超过350kg')], 'accuracy': 1.0}, '水泥类型': {'content': [('水泥类型:水化热低的水泥', '水泥类型:水化热低')], 'accuracy': 0.3333333333333333}, '水泥颗粒大小': {'content': [('水泥颗粒大小:细颗粒', '水泥颗粒大小:细'), ('水泥颗粒大小:粗颗粒', '水泥颗粒大小:粗')], 'accuracy': 1.0}, '水化热产生速度': {'content': [('水化热产生速度:快', '水化热产生速度:快'), ('水化热产生速度:慢', '水化热产生速度:慢')], 'accuracy': 1.0}, '外界温度': {'content': [('外界温度:低', '外界温度:低'), ('外界温度:高', '外界温度:高')], 'accuracy': 1.0}, '温差': {'content': [('温差:大', '温差:大'), ('温差:小', '温差:小')], 'accuracy': 1.0}, '混凝土开裂': {'content': [('混凝土开裂:易裂', '混凝土开裂:易裂'), ('混凝土开裂:不易裂', '混凝土开裂:不易裂')], 'accuracy': 1.0}}"
96,1,0.75,1,"[('季节气候变化', '季节气候变化'), ('膨胀土涨缩变形', '膨胀土'), ('地基变形', '地基变形'), ('建筑物损坏', '建筑物损坏')]","{'季节气候变化': 1, '膨胀土涨缩变形': 1, '地基变形': 0, '建筑物损坏': 1}","{'季节气候变化': {'content': [('季节气候变化:是', '季节气候变化:吸水'), ('季节气候变化:否', '季节气候变化:失水')], 'accuracy': 1.0}, '膨胀土涨缩变形': {'content': [('膨胀土涨缩变形:反复失水吸水', '膨胀土涨缩变形:吸水膨胀'), ('膨胀土涨缩变形:反复失水吸水', '膨胀土涨缩变形:失水收缩'), ('膨胀土涨缩变形:变化幅度小', '膨胀土涨缩变形:失水收缩')], 'accuracy': 1}, '地基变形': {'content': [('地基变形:反复变形', '地基变形:升降变形'), ('地基变形:变形幅度小', '地基变形:稳定')], 'accuracy': 1.0}, '建筑物损坏': {'content': [('建筑物损坏:开裂', '建筑物损坏:开裂'), ('建筑物损坏:完好', '建筑物损坏:完好')], 'accuracy': 1.0}}"
82,1,0.8,0.9,"[('砖柱加固', '砖柱加固后的抗震承载力'), ('抗震能力', '预期效果的达成'), ('钢筋网砂浆面层材料强度', '钢筋网砂浆面层的材料强度'), ('砖柱刚度', '组合砖柱的刚度增加'), ('砖柱承载力', '组合砖柱的承载力增加')]","{'砖柱加固': 0, '抗震能力': 1, '钢筋网砂浆面层材料强度': 1, '砖柱刚度': 1, '砖柱承载力': 1}","{'砖柱加固': {'content': [('砖柱加固:加固', '砖柱加固:足够'), ('砖柱加固:不加固', '砖柱加固:不足')], 'accuracy': 1.0}, '抗震能力': {'content': [('抗震能力:强', '抗震能力:达到'), ('抗震能力:弱', '抗震能力:未达到')], 'accuracy': 1.0}, '钢筋网砂浆面层材料强度': {'content': [('钢筋网砂浆面层材料强度:合适', '钢筋网砂浆面层材料强度:高'), ('钢筋网砂浆面层材料强度:不合适', '钢筋网砂浆面层材料强度:低')], 'accuracy': 1.0}, '砖柱刚度': {'content': [('砖柱刚度:增加', '砖柱刚度:小于承载力的增加')], 'accuracy': 0.5}, '砖柱承载力': {'content': [('砖柱承载力:增加充足', '砖柱承载力:增加'), ('砖柱承载力:增加不足', '砖柱承载力:不增加')], 'accuracy': 1.0}}"
78,1,0.6,1,"[('基础尺寸', '基础尺寸'), ('基底压力', '基底压力'), ('差异沉降', '差异沉降'), ('地基极限承载力', '地基极限承载力'), ('地基失稳', '失稳')]","{'基础尺寸': 1, '基底压力': 1, '差异沉降': 0, '地基极限承载力': 1, '地基失稳': 0}","{'基础尺寸': {'content': [('基础尺寸:减小', '基础尺寸:减小'), ('基础尺寸:不减小', '基础尺寸:保持不变')], 'accuracy': 1.0}, '基底压力': {'content': [('基底压力:增大', '基底压力:增大'), ('基底压力:不增大', '基底压力:不变')], 'accuracy': 1.0}, '差异沉降': {'content': [('差异沉降:减小', '差异沉降:减小'), ('差异沉降:不减小', '差异沉降:不变')], 'accuracy': 1.0}, '地基极限承载力': {'content': [('地基极限承载力:核算', '地基极限承载力:足够'), ('地基极限承载力:不核算', '地基极限承载力:不足')], 'accuracy': 1.0}, '地基失稳': {'content': [('地基失稳:发生', '地基失稳:发生'), ('地基失稳:不发生', '地基失稳:不发生')], 'accuracy': 1.0}}"
101,1,0.5,0.833333333,"[('轴向压力', '轴向压力'), ('受剪承载力', '受剪承载力')]","{'轴向压力': 0, '受剪承载力': 1}","{'轴向压力': {'content': [('轴向压力:0.3～0.5', '轴向压力:0.3～0.5'), ('轴向压力:大于0.5', '轴向压力:大于0.5')], 'accuracy': 0.6666666666666666}, '受剪承载力': {'content': [('受剪承载力:大', '受剪承载力:最大值'), ('受剪承载力:小', '受剪承载力:降低')], 'accuracy': 1.0}}"
91,1,0.142857143,0.785714286,"[('连接方式', '工作平台或刚性内隔墙与厂房主体结构的连接'), ('地震反应', '地震反应'), ('应力集中', '应力集中'), ('短柱效应', '短柱效应'), ('排架柱影响', '排架柱的影响'), ('柱顶连接和屋盖结构影响', '柱顶连接和相邻屋盖结构的影响'), ('计算和加强措施难度', '计算和加强措施的困难程度')]","{'连接方式': 0, '地震反应': 0, '应力集中': 0, '短柱效应': 0, '排架柱影响': 0, '柱顶连接和屋盖结构影响': 0, '计算和加强措施难度': 1}","{'连接方式': {'content': [('连接方式:脱开', '连接方式:脱开'), ('连接方式:连接', '连接方式:连接')], 'accuracy': 1.0}, '地震反应': {'content': [('地震反应:加大', '地震反应:加大')], 'accuracy': 0.5}, '应力集中': {'content': [('应力集中:可能', '应力集中:导致'), ('应力集中:不可能', '应力集中:不导致')], 'accuracy': 1.0}, '短柱效应': {'content': [('短柱效应:可能造成', '短柱效应:造成'), ('短柱效应:不会造成', '短柱效应:不造成')], 'accuracy': 1.0}, '排架柱影响': {'content': [('排架柱影响:影响', '排架柱影响:影响'), ('排架柱影响:不影响', '排架柱影响:不影响')], 'accuracy': 1.0}, '柱顶连接和屋盖结构影响': {'content': [('柱顶连接和屋盖结构影响:不涉及', '柱顶连接和屋盖结构影响:不涉及')], 'accuracy': 0.5}, '计算和加强措施难度': {'content': [('计算和加强措施难度:困难', '计算和加强措施难度:困难')], 'accuracy': 0.5}}"
97,1,1,1,"[('换能器的运动状态', '换能器运动状态'), ('电缆线失重现象', '失重现象'), ('电缆线的松弛程度', '电缆线松弛程度'), ('换能器位置的准确性', '换能器位置准确性'), ('检测方法', '检测换能器位置')]","{'换能器的运动状态': 1, '电缆线失重现象': 1, '电缆线的松弛程度': 1, '换能器位置的准确性': 1, '检测方法': 1}","{'换能器的运动状态': {'content': [('换能器的运动状态:静止', '换能器的运动状态:静止'), ('换能器的运动状态:非匀速下降', '换能器的运动状态:快降')], 'accuracy': 1.0}, '电缆线失重现象': {'content': [('电缆线失重现象:有', '电缆线失重现象:存在'), ('电缆线失重现象:无', '电缆线失重现象:不存在')], 'accuracy': 1.0}, '电缆线的松弛程度': {'content': [('电缆线的松弛程度:松弛', '电缆线的松弛程度:松弛'), ('电缆线的松弛程度:不松弛', '电缆线的松弛程度:不松弛')], 'accuracy': 1.0}, '换能器位置的准确性': {'content': [('换能器位置的准确性:准确', '换能器位置的准确性:准确'), ('换能器位置的准确性:不准确', '换能器位置的准确性:不准确')], 'accuracy': 1.0}, '检测方法': {'content': [('检测方法:从桩底开始同步提升换能器进行检测', '检测方法:从桩底开始'), ('检测方法:其他检测方法', '检测方法:不从桩底开始')], 'accuracy': 1.0}}"
98,1,0.75,1,"[('基坑外水位的降深', '基坑外水位的降深'), ('设置回灌井', '设置回灌井'), ('设置有效的止水墙', '有效的止水墙'), ('基坑工程安全', '止水墙工程质量')]","{'基坑外水位的降深': 1, '设置回灌井': 1, '设置有效的止水墙': 1, '基坑工程安全': 0}","{'基坑外水位的降深': {'content': [('基坑外水位的降深:保持', '基坑外水位的降深:保持'), ('基坑外水位的降深:不保持', '基坑外水位的降深:未保持')], 'accuracy': 1.0}, '设置回灌井': {'content': [('设置回灌井:设置', '设置回灌井:设置'), ('设置回灌井:不设置', '设置回灌井:未设置')], 'accuracy': 1.0}, '设置有效的止水墙': {'content': [('设置有效的止水墙:设置', '设置有效的止水墙:有效'), ('设置有效的止水墙:不设置', '设置有效的止水墙:无效')], 'accuracy': 1.0}, '基坑工程安全': {'content': [('基坑工程安全:安全', '基坑工程安全:良好'), ('基坑工程安全:不安全', '基坑工程安全:粗糙')], 'accuracy': 1.0}}"
93,0.857142857,0.666666667,0.888888889,"[('石子级配', '石子级配'), ('石子粒径', '石子粒径'), ('石子形状', '石子形状'), ('石子空隙率', '石子空隙率'), ('灰浆用量', '灰浆用量'), ('开裂风险', '工程易裂性')]","{'石子级配': 1, '石子粒径': 0, '石子形状': 0, '石子空隙率': 1, '灰浆用量': 1, '开裂风险': 1}","{'石子级配': {'content': [('石子级配:合格', '石子级配:合适'), ('石子级配:不合格', '石子级配:不合适')], 'accuracy': 1.0}, '石子粒径': {'content': [('石子粒径:合适', '石子粒径:大'), ('石子粒径:过大', '石子粒径:大'), ('石子粒径:过小', '石子粒径:小')], 'accuracy': 1.0}, '石子形状': {'content': [('石子形状:合格', '石子形状:合格'), ('石子形状:不合格', '石子形状:不合格')], 'accuracy': 1.0}, '石子空隙率': {'content': [('石子空隙率:合格', '石子空隙率:合格'), ('石子空隙率:过大', '石子空隙率:过大')], 'accuracy': 1.0}, '灰浆用量': {'content': [('灰浆用量:过多', '灰浆用量:过多'), ('灰浆用量:适中', '灰浆用量:适中')], 'accuracy': 0.6666666666666666}, '开裂风险': {'content': [('开裂风险:高', '开裂风险:易裂'), ('开裂风险:低', '开裂风险:不易裂')], 'accuracy': 0.6666666666666666}}"
100,1,1,0.9,"[('预应力筋张拉锚固方式', '预应力筋分段张拉锚固'), ('后浇带设置', '设置后浇带'), ('预应力摩擦损失', '预应力摩擦损失'), ('轴向预加力吸收', '轴向预加力被竖向结构吸收'), ('结构影响', '对结构造成不利影响')]","{'预应力筋张拉锚固方式': 1, '后浇带设置': 1, '预应力摩擦损失': 1, '轴向预加力吸收': 1, '结构影响': 1}","{'预应力筋张拉锚固方式': {'content': [('预应力筋张拉锚固方式:分段张拉锚固', '预应力筋张拉锚固方式:分段张拉锚固')], 'accuracy': 0.5}, '后浇带设置': {'content': ['后浇带设置:设置后浇带', '后浇带设置:不设置后浇带'], 'accuracy': 1.0}, '预应力摩擦损失': {'content': [('预应力摩擦损失:损失大', '预应力摩擦损失:过大'), ('预应力摩擦损失:损失小', '预应力摩擦损失:较小')], 'accuracy': 1.0}, '轴向预加力吸收': {'content': [('轴向预加力吸收:被竖向结构吸收多', '轴向预加力吸收:过多'), ('轴向预加力吸收:被竖向结构吸收少', '轴向预加力吸收:较少')], 'accuracy': 1.0}, '结构影响': {'content': [('结构影响:不利影响', '结构影响:不利'), ('结构影响:有利影响', '结构影响:有利')], 'accuracy': 1.0}}"
102,1,0.666666667,0.916666667,"[('水位上升', '水位上升'), ('工程上浮', '工程上浮'), ('工程防水层破坏', '工程防水层破坏'), ('防水工程完工', '工程防水层破坏'), ('回填作业', '回填作业'), ('降水作业', '降水作业')]","{'水位上升': 1, '工程上浮': 1, '工程防水层破坏': 1, '防水工程完工': 0, '回填作业': 0, '降水作业': 1}","{'水位上升': {'content': [('水位上升:上升', '水位上升:上升'), ('水位上升:不上升', '水位上升:不上升')], 'accuracy': 1.0}, '工程上浮': {'content': [('工程上浮:上浮', '工程上浮:发生'), ('工程上浮:不浮', '工程上浮:不发生')], 'accuracy': 1.0}, '工程防水层破坏': {'content': [('工程防水层破坏:破坏', '工程防水层破坏:破坏'), ('工程防水层破坏:不破坏', '工程防水层破坏:未破坏')], 'accuracy': 1.0}, '防水工程完工': {'content': [('防水工程完工:完工', '防水工程完工:未破坏'), ('防水工程完工:未完工', '防水工程完工:破坏')], 'accuracy': 1.0}, '回填作业': {'content': [('回填作业:完成', '回填作业:完成'), ('回填作业:未完成', '回填作业:未完成')], 'accuracy': 1.0}, '降水作业': {'content': [('降水作业:提前停止', '降水作业:停止')], 'accuracy': 0.5}}"
,0.849857451,0.732820928,0.927065033,,,
